id,name,latin_name,color,image,link_image,description,link_description,association_term1,association_term2,association_term3,association_term4,association_term5,association_term6,association_term7,association_term8
1,Akazie,Acacieae,white,1_Acacieae.png,https://www.comnata-esstisch.de/media/wysiwyg/Holzarten/akazie-baumfrucht.jpg,"Die Akazien (Acacieae) sind eine Tribus in der Unterfamilie Mimosengewächse (Mimosoideae) innerhalb der Pflanzenfamilie der Hülsenfrüchtler (Fabaceae). Die etwa 1400 Arten sind von den Subtropen bis Tropen der Neuen und Alten Welt weitverbreitet. Die 950 Arten der Gattung Acacia kommen überwiegend in Australien vor. Die Pflanze besonders für Liebe, Unsterblichkeit und Schutz.",https://de.wikipedia.org/wiki/Akazien,Liebe,Schutz,Unsterblichkeit,,,,,
2,Akazie,Acacieae,pink,2_Acacieae.png,https://www.treelove.de/uploads/2016/08/robinia-casque-rouge1WZ-720x405.jpg,"Dieser Kleinbaum trumpft durch seine traumhaften rosaroten Blütendolden im Frühsommer auf. Sie verströmen einen süßlichen Duft und bilden einen sehr wichtigen Insektenfutterlieferant. Das saftig-grüne, gefiederte Laub bildet einen schönen farblichen Kontrast. Seine Schönheit schützt er mit Dornen an Ästen und Zweigen. Die Pflanze steht für Glückseligkeit, Freundschaft und Romantik.",https://www.treelove.de/wissen/robinie,Glückseligkeit,Freundschaft,Romantik,,,,,
3,Alpenrose,Rhododendron ferrugineum,pink,3_Rhododendron_ferrugineum.png,https://de.wikipedia.org/wiki/Datei:Alpenrose_Closeup.jpg,"Die Rostblättrige Alpenrose (Rhododendron ferrugineum), auch Rostrote Alpenrose oder Rostroter Almrausch genannt, ist eine Pflanzenart aus der Gattung der Rhododendren (Rhododendron) innerhalb der Familie der Heidekrautgewächse (Ericaceae). Im Alpenraum wird sie – ebenso wie die Bewimperte Alpenrose – auch Almrose genannt. Sie ist in den europäischen Gebirgen verbreitet. Sie steht für Sehnsucht und Vorfreude.",https://de.wikipedia.org/wiki/Rostblättrige_Alpenrose,Sehnsucht,Vorfreude,,,,,,
4,Windröschen,Anemone,white,4_Anemone.png,https://de.wikipedia.org/wiki/Datei:Buschwindröschen2.jpg,"Die Garten-Herbst-Anemone (Anemone japonica) bringt ansehnliche, rosafarbene Blüten von August bis Oktober hervor. Bevorzugt wird ein durchlässiger, humoser Boden in sonniger bis halbschattiger Lage. Die rhizombildende, aufrechte Staude erreicht gewöhnlich eine Höhe von 60 - 80 cm und wird bis zu 40 cm breit. Sie steht symbolisch für Freude und Verlassenheit.","https://www.google.com/url?sa=t&source=web&rct=j&opi=89978449&url=https://www.gartenvergnuegen-lochte.de/de-de/artikel/1429/anemone-japonica%23:~:text%3DDie%2520Garten%252DHerbst%252DAnemone%2520(,bis%2520zu%252040%2520cm%2520breit.&ved=2ahUKEwiKmOuh4auGAxU9BNsEHReEBHAQFnoECA4QAw&usg=AOvVaw3gVoGRWXfvx4GH1JWI9F3J",Freude,Verlassenheit,,,,,,
5,Aster,Asteraceae,purple,5_Asteraceae.png,"data:image/jpeg;base64,/9j/4AAQSkZJRgABAQAAAQABAAD/2wCEAAkGBxMTEhUTExMVFRUXGBcVFRgVFRcVFRcVFRgWGBUVFhYYHSggGBolHRUVITElJSkrLi4uFx8zODMtNygtLisBCgoKDg0OGhAQGi0lICUtLS0tLS0tLS0tLy0tLS0tLS0tLS0tLS0tLS0tLS0tLS0tLS0tLS0tLS0tLS0tLS0tLf/AABEIAN4A4wMBIgACEQEDEQH/xAAcAAACAgMBAQAAAAAAAAAAAAAEBQMGAQIHAAj/xABCEAACAAMFBAcFBgYBAwUAAAABAgADEQQFEiExBkFRYRMiMnGBkaFCUrHB0QcUYnKC4SNDkqKy8DMkwvFTc4Oz0v/EABoBAAIDAQEAAAAAAAAAAAAAAAIDAAEEBQb/xAArEQACAgICAQQBAwQDAAAAAAAAAQIRAyESMQQTIkFRcWGh8BQygZEFQrH/2gAMAwEAAhEDEQA/AORYI1oIMnUUUhZOniuULjbEJNhAQRKssQAlpiYT4JxZHFhQAjakCB43EyBcWVxZMVjKuRoYiqTHsDDdFFGzhmjVEddIsF3bNWyYmNZJpuxEKW7gfnCu0s6MUdSrDIgihESUJLtEt/REl4zF1iVL1bhEa57ob3Bdgmz5SOOoW635RUt6AwChG6KsXW29sUvCYguA/wAQR2wXNZZ8t5bSZdMwCqqGUbipAyIjkMyw/drW0o6oxXvGqnxBB8Y05MTx1Y3ovtju5plFUVJHcBzJiC/9lLRLltMwqyKKko1aDeaa0h1dMwrKB3sK+G6HdkteKWUbMMpU9xBB+MbPTuIT2cJta5xAsusFT1zIO7Lyh3spcXTOWaolr2jvJ90Rz0uUqQtMrk2xkDSHV0Xb1amOrLs5Yp0kI0sS2HZdMm/VXteMc4t1qFnd5dalGZT+k0hsoLH/AHFvT2JbxlUbKF81gBE1tt5c5QCUrrGZRuV/AKREXJOUY6BjBK0EESyN8MboK6AFu9jBUqwU1gprWogSdbuEDynIrlJm0xQIhVaxqHJgpFFIj9pOjHQR6Numj0LuZOQvnWgtAxjFY9WNiVDqoyIkWIhEyCLLJFMbrGFWNwIEgVY2zpFluux43QUrmDTkDUxVZcXPY60jpQDvBHjr8oQ8d5Y/kTOOy9We1lTnpCnbK4FtCYlA6VRVD7w9w9+7gYYFKiCJT4lwnUR2pQUlTLq0cu2eu4zpuA9ULm+WYAypTjHRJOziSZktkJIoa15qRWB5N2qs2dNXLGoqPxAmp8cvGsPelxS0PAfKM2PxYrbW7JGOjS6pnWZe+OffaRZSLXJmrrMXAfzoaD0ceUXeyTKTYr+1srpJtm/DaF8iCT/iIbnx8oBtaHHZULuACjwguzNpALn4wbYh1l7x8YdWi6Kv9oVxgW1RKUDpQDQaYq0JizXbd4kS1lroozPFjqfOCL1kY7d0h7MuWqL+dySx8BT+qJQKmkZcWLjKUgIx3ZNYxHDL9tJm2ic+5pjkd2I09KR2raO1CRZZszQ4cK/mbqr8axxQgaAVOg3mEeS9pAzewMLGCY6bsp9l7zgJlqYylOYlrTHTixOS92sCbf8A2c/c16eQxeSKBw3aQk0BrvGkK4SSsr9TnhaNGJg5ZQjSaohSlbLQtcmIiYJmLA7CHoYiSVMpBsqaDC4CMh6QMo2U42M6iPQEJ8ehfpsDiyLo490cOPucY+5QXqoaKRLgqTKgs2SN+ipBqaZCAJHpcoswUak0HeYlJjWQxBDDUEEeGcRkZdLLsMpl1aY2PfhpRTwodYUTLFNsc1WOa1qrDQ03HgeUXqy2vEqzk7LAVHPfGt52dXU5AqdR/u+NmTxYyjcdMX2EWC1BgCNGAI8YM0NYql0kyj0RNQOtLPLeveItVlbGI0Y5XHYSI7QKGo0OR8YksD/wqcDTyMbTEqCDqIgs74SRx+I/0QwNETGjwHaFxOvJg3lX6wbau1AlevEqyErnMQbYmowPDPygFxmIJljSJRYxnTqknjEljEAzWzpE022LJlNNbsopPfyHM6QDpIroqX2pXvieXZkOS/xJlPeIoo8BU/qEMfs32PwlbTPXray1Psj3iPe4cIA2OuBrVOa2WgVDMWRT7Rr2vyjQd0dQkUXIRjx43OXqS/wKUb2w9DuH+84of2v38qWcWNTV5hDP+FFNRXmSPSLLtFfiWKztOfNtEXeznQDlHArztsyfNebMOJ3NT9ByGkB5M+K4oqT+AQNHisFyrmtBGMSJpXjganwjWWkYZe0j0BPZ6xEbJDtJMStZoD12gHkK41lgebJpFgtFnhVPlw3Hl5BxnYtpHonKx6HjLLYJcSLJieVIghLPHGlmFyyKgQWURPd1wtPalcKjtN8gOMMrFdrzDhQV47gIdXLdk2SzK4XC2dQ2YI5GmUa/BhOc05J8fsCM29ii1fZ6hXqT2DfiUEelIrlt2fmyD11qPeXNf28Y6bMQjSImmBhQjzjs5PFjNa0w7bKbsvePRsZL9htOAb6GLG4wGnsnT6QtvTZ9TVpfVPu7j3cIkuu3Yh0M3Jxx1I498D4+SWN+lk/w/h/oUpbNbZJzrzqDwMHXTbaEViKalOqfAwC1VMba+RqLlbVpRxoYXWlaA03dYeH7Vie57SJqdGdfZ+kaTQRrqsRBEE98QVuIB84EHbEEolJZA9ljT8p6w+NPCBwOuPCJeywmaucSyuMenDrRlRl3xfwQ3lipgG9JH3mYtn/lpR5xG8+xL8dT4QxLYELUqdw4k6CCLpsnRrnmxOJjxY6nu3QuS5aBavQysiBFAGVBQAbhuEMUYIpdiAAKkncIBs6+0dI8n/UNT+Up/qI+UW0Wyo3lc1pvWeJjVk2ZcpYPbYb3w7iee6LfcWxVks9CJYZvebrN66Q7kywooMoCtl8qmS9ZuAjP6Su/kFQSGjBQKUFI5ZtXses2045DIitm4zPW4qq618IuTibN60xsC8BrEf3xE6slMTcf3iSwKSpkaspw+zqZgJWbmBXrIFB5dqoiqTpLKSjCjKSCDuIjpl73uLMvST3xP/Llg6ndl845naLW02Y8xu07Fj3kxyvNxY4Uo9mfIkugG0LCu0S6w/mJUQutEqMuOVMCLoRmVHoYGXGI2eoPst0lMoLlyoW2a0wxsszGwUak0jguMm0kZN9Di5Zqjq1wvWo4Ny74d/eCMnXxgRdmJZUEu5P4cI8qgwZZJJQYWcuN2MdbzGvlHq/B9aGNQyx6+jTDklTMmQGFUPhAU+TnQihhj93FaoaHhujLNumL4x0EwxMwI1zHGArdYlmUJyYdlhqDD6bY96Go9YCeTXTI8IksaktkcbFkliw6OZQNuO5uY+kQWiTuOog+dIrkR/54iNQuLqntDQ8f3ikmtESaF1gtJluDz9YuFslB0WaujDPvipW2ya5d8Mtjr7GJrLOOvZJ3ncfGFSyqLSY1Mns65sp3inlmPn5QEnbXvHxEPbbYij1GoI+P0JhNbUJxGWKkNQc8LCvhCp+TCL7G8HVhs9esY3VMwOUFGTVq7t8B2p2A/h5s5wqdQOLHugn5ONaskotInlpjbknq2/y084Zypde4QPY7OFUKMgBmTy3kxh5jTjgl5Sx2m97kOUOi72LNmmGc2BcpY7R97kOUORNlyUFcqaAawt+8rKHRyhibloIHagOKYcTcNw+sH2QKn2qbO06kv4/WI1nS5WSjE3HeY0CzJmfYXifkI1NvkyspYxvx1z74uvogQLO8zrTDhXWm+nOJJWHCRJ7gaVFeZ09YGkyJs44puS7lGQ8eMM1GEUFOQGQhc/ooq52KR2My0zXnOdanCo5Kq6Dxg2ZsbY3lsstMEyhwkOx626oJII0hvOWoqTQDWuQpzimX9twkqsuzEO+mMdhfy+8fTv0jHkhiirkkLlxS2U+YhUlSKEEgjgRkRAtoSPLPrmTUnM11rGzmOG1TMqFrJHoIYR6GchlmwmEQxue8BLmKzZjQ9x3iAWlxmXLziox4yUl2gpY6do6RZmJAZHNDmCDkYL++v7YxD1irXDNmouEo6gaEqQpHOvxh9JvJNHy56j6iPRY5c4qQxbDFZG0OExJ0jr+IefoY0SSjiqkEcjX4Rg2Rx2T8/SGoIklzl3dQ+kSPKDdoU/ENPGAnLe0vjGZE0r2WI5HSDLSCJljIGYxLxGogK1WCoqpqOI1HfDOz3hTtDxGnlEzScXXkkV3qND3iFylXYVCIJiXrUDA0J48K8ISWyyIJhfeg40zB0qN9SB+qGl/2xRRgmatRgp0bgR/usV6dZJrp0qTFANRRycsVcq01rXzEcDzfKd8V0bMHjxauQ7W9mIExWbKpoTUZ06tOX1hZbrwmLhYqcMxmIHLI0NN/7xm40mMigdZgXVt2WoOe6h+MNEs8yVLc4sRAJw7hTeOJpHByeS4ZKbN64x+CMXhPFKnDiWuoYUNOtUaajWN598GX0csZLQNiwjrK2ajPePWIrBdwZAXmYcYzyqaHIUPdXzgi/ZBqG6sxcitAAQKYc676AeQ0iQ8xc7b2RKDdUMBeMuYgQsTlibIAkAa0Gg/aJRbWZcKL0a6HPPmMvlCB5/RhXoihjSg1ogBLU1IzHrDOU84qGRUCnMNUOT3DQHlHd/4/y3OrdL/0x58KjtLv9hlIkGmVFXezGnrEE28pMs9T+K/H2REC3ROmnrsx/Mfgu6Gki55UoYpjLlvYgCPQxaoxNULALRaDmaLwGS/vDq77pWXnTEeJgS0bS2aXklZh/D2fM5Qntu1c18lKyxy6zeZy9Ijk30CW60TkQVmOqjmaeXGBkvENlKQn8RBp9YqthtkquN8Ux+LnFD2Rec1spcs040wiFtFUSWzZsWnO0u7L7mPCn9CUr41hZe+wtiMtlk1WdTq0YkV5gnSG/QTSKzZmFd4XLzYxV9pdrZUlGlWWjTDkXGYXia+0YzZY40rkKnxXZzcsVYg6gkHvETLOgGaTWsZR447SZmDsUegXHGIHiMscMI6HsrdsuXLU9HVyAWY61O4cBHOWaG11bTzpNBk6jKj1yHAMMx6xr8bJGDuQxzSOj2qzKf5ZEKbTdYOg9IGs238ggdJKmqd+FlceuEwwlbZWE545g75Ln/GojpR8iD+S1JMRzruZTUYlPEVEZS3z09rF+YZ+Yzi0SdorFMyEz+qXNX1ZaRI8+xn25X9QEOjksOxBZ9pnHblhhy/eGsi/LI+TqUPGh/eJXk2E6vL8HEQPZLAf5oH6q/KCtMNBqyrI46toUcjT5mALbKEqjJOU1NBhNc/DTSIJ1ksQ/n+Qr8BFfvO0SlP8PpKgVxFQo7hnWvhGfPJqLphxaT2D7U2lwzYwDiIYj2vTXv19YV7OSmxOjsEVtA+pJIAAHHSMT72LsUcV90tTLflw1jMm7yQXZmQ13UqPHdHlc7atT1f80dOMkoj+70lSXAzqDqwG/hvh3Ls7NNxDqjKgGYYZZjPIGEKvLnJVmIwUrxodKc4MslvEw4Uyw0oOQoBSm7SOLljJ7+fkFSt02MbdYGEzF1Vl5Ycxll2acoHtFtUqKEPmV5ArTLvziC1ThMGT5qanqkbhQ0NOEZmW8S5R6qzBUVpuJOvLhC4wek1v/Rd10bzrEJgVnqAuLeBWtK/AcImua+cJZCRgXQ1x56Ye+FLXoHFChAyzFdxr4wLcN2v0jTM1FcqkHWtAV1507o6fg3CXvf4Qx+7G7HN9XjaMdEnHDSow0Wld1RnCKZIdjV3LHizE/GLW1gTUhjxOGmflGZdlk7w3kI9x424K+zktFXl2Eb38hBEuwS97Vi1JIke63kPpEos8g+wfEftGqkA7K7Z5glZpLDHkV/7jGLdtRbQKSrIRzxB/7UMWQWKSfZ9Ikl3fK3ZecJyQ5dNoFo5jbrztU3/nMwfhYFF8soUWiXHbVu0HR1pwNaeogC3bFypusta8ZZwnvyy8xHLzeHJu1K/yIlif2cYeREJkkR0K+/s/nShik1mDXA1A/wCkjJvQxSJuRIIIIyIIoQRqCDoYwSjPG6khVNdgNI9ExEYgrLGzTFMM7nukTusSABkBWlYrtIbXRe3Q5NLWahzoTQg8VbdDPH4Kfv6LU03stUq41XQoO6nxiYXUu9x5wBJ2psQ7VmmjuKN8SInG2l3LrIm+Kp/+o68c+L4Y5Sj8BYuuVvf0iSXdtn3lj3RPd1/y51DLsM7D78wS0TvBY9bwrDpLwRR/xrXlp50ENjNS6DTE8u7pG6Uzefyg2Vd6brL5g/OJp19kaECAJl4zX7OI+ggmgkSWqxKoqZcpBzI+UVqdZFmPhQqTrkMuHzg62Wd27TQntjJLyBxNwB07yITlhcXQSoDtlnly2q2FmBKlQeqaaHEOGfnBS3lLmHo5csYiKgHkPHOEd5o7gUqKkVA55boDmXfhRplRhQ4RXKp0/wB8eEeY8rx05e57/n0bscuUKLXd1tEsYSsoVJ1FSTuNa7vrxiG03hLQ0w1LA4yBri3Cu6FE6zkykmA1l0AQ6EmmZp3gw0kCUcTz3CtgpwGIDUc6hRTmY57xq77/AAS29IIlTUw0UgF1opLZk7td+sE3RZiCathOhVtCCN/KKvbqOst17KrhND1loa1I41PwjNqt7hQHY7qUNMS11B3U4c4t+O5Kk++/sOPulbGbW1VdpZXA4qCtaqTTKhrShyOXGLJclqlgIUrVlAJp1sW/PTI7qDxiiWOZJmt1nwnIVc79KcSBlFwkWfoJeWEtQAMK0NOHA6+kbMWBc0knYc5RUCxDaKbJNGCzF3VpXzGnjB9n2ssz5OOjP4lxDzEVqyXrLmLhtCGoy6VBn/8AIvzEZtlyHDjllZibipr5x6nDBUk+znyot8q12d+xMlHxA9ILSTwVD3GOWTJNDQgg8xE0hmHZYjuMavT/AFAaX2dMZXGkseYjXFMH8sekUSXeE0avM71dgfQwZItc9sktTg+7MPwbT4QDg0DRbDaJg9hY0N4uP5YitzGvFdSzd2E+ogWbbbScnaavp8oHin9Al0a9mKUCivMmnOvKOP8A2gTUe1sy4alVx4CGGIV3jfSkNr+uITpTTBObpEUmhZiGC54SD8Y58JuUczzJV7aEZX8GxMeiEtHo54kPMboCSABUnIAZkk6ADeY0rFu2GCJimlQZlcKk+yKZ0HE114d8aMOJ5JcSQjyZ66tiJjgNPbol90UL+JOS+p5CLFZLnstnzSWuL3m67+BbTwpB9Jj76DnEtnu8c2PdHVx4IQ6RpjBIDM4toCY2Fjdu0cI5QfaHlyv+R0Tl2m/pEKLXtEukqWWPvPkP6R9YemGg1LIi50rzMBW2/JSZL124Lp5wtaVaLQeuxpwGSjwEGyrslyhpib0gghVNafOqT1F30y9d8LplnAyUYjxiyWiys3a6q8IHn2YKNKfGKaLK1Ns5AJJiDaCb04UKpSUg7NaV3n/e874eGx4s20hNagSxC5LpHN8jxlLa7QzHPiD3tfLTERZUvCoyXLMbgKDIADIcvMqOjarrMJ0qp161CQPMQeUOfDlE+1Fnkm0S2lnqYEJKnQ1bPkcNI5n9P6cuKX2aPUT2xXaXMoDEWFSrDWjIe1y1pFk2akraVaSyrQdZSSe4YTqMyMs9Y0tNjFosRaoxSDU6GoCivdXM960iK7JGFlEskMVY1BodM6U7z5QEMLyxqqlf7jOVWa3fcIAZa9eW1MxQNQ5mvA0Pp4XTZyesoiTPX+HMpnuBNaNyByziHYqxpNMyTNzepZSdSD2s+Nc/GLNa7mwjo3qZfst7SH5jlHWw4OL2Z8krFV+7KNLq8nMa0GoHzit2e1NKbqsZbf2HzjoV125pBEiear/Kf2SNwJ4fDSMX9szLnAsoCt6eMdDHKtSFNlPN7q2U5AD7wFVP0jJskthVGp3GogG23bOkHCRUe6dP0mBZSqT1GMp+BNK9x0MabAY0azONKMOUZScBkykeEBG1TpZ66hhx7J8xl6RPLviWcmqvJ1qPMVinQJarjt4yUTMuB63lvENr3+8BMdmSVNIGct6qW/I4NK8iPGKXIly37OE/kYGH122ppVAJhpwbT1jNlx/TJ2US/NvbS4eUJMuQc0eikuNxHW0O7SKO0Wnb8mZbpzYQD1QaAipCjMg+A8BFcFmMcDNKTk1J3Rkk97Bqx6CvukegOSBs3DQbdt6zJJ6hyOoIqDC0NGQ0OjJxdopOjqtivcBATQsQCaDKsD2u/JrZBsI5ZfDWKLJ2i6NQuCtPxEfKB7RtPPbJMMsfhHW/qNY6f9TjqzVzRcJmFRimMFHFzT01MQyL7Rn6OzSmnvx7Esc2Jzp5RWrguWbbZlSzYR25jVan4RXVuW749WuO4ZclAstcK7ye0x4k7zFwyTydaX7kTcga7rHNIHSMGbcqDDKX8q7+9qnuhr93VBiY1ME4gOqgqYgbCXws2JwASozwg6V4VoacaHgY1LQxAjKT1209kcY0N34gS2vwh0lnrmR+0C3vOEtD/vcIvsIqV7Gg6NdTr3Qnn2fCvM5Dxh5LsxY56nM8uUCT5OJ8tBl9YvimyChbH1Ygm3eMJy3fDOLPJseteB+IiF7NmBxhUsSbLsrj2EqDSoqKGm8cDxguySxLny3OgYV/Kcm9CYfzbB1K94gG32b+GjcR8IF4kugrHV82RrPOWdLy9peHMdx+cX667alokhxmD2gdVI1B7oq1hAtViXe6Ch41XL1ELdn70NlnUNejagccODDmPhBOHKNrtFt2i6Wu7FZSjdaWdPeQ+8ISJb5ljcS51Wlew4qaL8xy1HOLSk3xU5qRz0iO8LCk1DLmDqnQ71O4iBUq7F2B2mzSrQgIIYEVBGfkYpl87NUrlUceEbdNOsE4r2krUrorD3l90xcrvt8q0oGQ14jQqeDDcYZbh+CmcpnJPs/45fA50/bujaVapEwdYYDyGIemcdNtdzqdw5jcfpFRv/YjIzbPWupTj+XnyiPICJluNHGJGRxxUgj0hndNjSWwMwYgMxTWKbabAxDTEJSYupUlSaahgMwecKze9op/yse+hPnSsZcnk8HU1/oCU+Lpls+0O8JTz0K9rBRjSmVerXnr4Uipm0CAZzu7FmYsTqTmY0wGOVmcZzckZ5bdjD7wI9AHRmPQvigaRoGjWZNjVmiEisPoNR+zVmrE1isxmTEljIuyqDwxECvhWMKsbo+EhhkQQQeYgorew0zul1WGTZ5SS1yVRkN5O9jxJNTBFrtgVDMmusmUN7GleAHExymRt9PlpRZcsvSmNyzeIWtIR2m3Wm2zVDu86Yxwou4E7lUUVRxPAZx0fWilUR6Re7ftrNtMwWW7UK4tZzjrYR2noR1FGWZzzAABIredm7kWzygubHtMzZu7mmKY5O808AAN0A7EbKJZJfvO1C7b2YaAcEFch474tyrDIp9vsrohYBQSaADM10A4mKbeVv6Z8Q7C5IOP4j3xvtNfnSsZEo9QHrsPaI9kfhHr8QJS6HQajmOMNTCDJSnCeJjNisfLSD7skYpYce1mPy7iO/XxgpLPhrzhiZdi77vXGeGEfE/SBp1loy98ObvlY1mkadIQP0BVPqDG9tsvWSKiyJgU2ydWnP4wqvWz0lU91j5HOLX0esJ71k9Vxyr4j/RFfJbF+wtuwTWlE5Pmv5hu8R8IK2muzCxIGRzHzEVYTCjqy5FSCO8R01cNqkKw0YVHI7x4Go8IilxdlWJtkL3r/wBNMP8A7Z/7Pp5cIt0pjmraj1Ec3vKwNLbgRvHxEXDZq+BaFwt/ypr+JdAw+B594gcsP+y6I2ev2wichB7S6HlFClz5tlmYpZwnQg5g8VYbxHT7ZKI6w3a90VTaO7gw6RRl7Xdx7x8KRISTVFWNdnNqJNq/hk9HOAqZbHMj3pZ9tfUbxDpljiF93eaVUkOvWlsDQ1HAjQ/ONro+0u1SwEnfxlHtZLMHeaUbx8axmyS9OVSBei0fapdeCV96lAKahJ1N4bJW760B7xwjkbTouO1O3D2qUZKqQrUxlqVyIIAAPIRSmWMXkOLlp2Jntm/Txn7zEHRx7oDCKiDSJ/vUegXoY9F8Il8UZLR4GBi8bq8O4hcScGPMY0rGCYFIiWzzR1T7HrgUy3tbgEsTLl13IvbI72y/RzjlNY6lsFtrZbPYkkz5mAoXNArsWxOzjsqfep4Rqw1ex3wdVXjuikbW7Wgl7PIbMdWa40B3y1PHid2mtaVPa77THnKZVlDSkORmHKYRwWnYHPXuirXJbABh0Na99YesiukRIuFmalBGbXPxtLs0s9ec2HLVZesxu/DipCh7xCKWJ0/2ghj9mUsz7TNtL+woVeAL1yHcB/dByl8ItnUJMsKAAKAUAHIRDbZ4RGdjkilj3AEn4RMXipfaJeXR2RlBzmESx3HNvQEeMHKXFWUP9h1P3CS7dqZ0k0982a7/AAYQztqZjuiHZeXhsdmXhJlf4CDLStSeS084rHpIlkYEJb1cLNQHRy8vxKFx/wDWR4w+iq7dzTLlLNGsubKfwDUI8QaeMScqjZGVy2yqEjnFk2DvTCzSGOTdZPzDtL4jPwMKL3QY6jQ5juOYhQzsvWQ0dTiU8GXMeFYKfRLOrXlYVfI79DwilWqVMs00OmTIajgRvB4giLPcN+LapCzBkTqODDtLEl52VZqV3iKxz1+jImMbnvSXaZeNe5l3qd4P13wHbJWElT2W04V4RzyTeT2S0MEYBhqp0ZTmARvGeu6LfI2uss5KTHWSxypMIUV/C5yOnfygaUX+hdCe33YCxTQ6pXeOFeO6OZ7QWLo57ClK0anfr6gxbtrdqyk7opeB1VRU7xMJOasDwwxSrwtjzXMxzUn/AGkYvKzwmuK7QLWgcJGrLG+OI2aOa2ZX2bIsblYxLjd9IiK+QcmPRq0ehlDqFBiSWYkmSY0w0jVaYdm+KMExrWMwJSMVjYGNDGYYhxtWMYo9HgIshu85mpUk00rHVvsvollrvd2Y+HVH+Ijm1jueY+YU0i4XDaWs0oS3yoTTxNfnDcE4udXsh0ibbBTWOWbf3n0s8IDlLWn6moT6YfWGl57RhUJrU7hxO6KI80sxYmpJJJ5nWGeRPXEh9BXHax0MoD3E/wARB86cOtXl6RznZW/aypYJzVQp/Tl8hDu8b5Alua50NO8igh66TAotljm40R/eVW81Biu/aBJxWObyCt/S6t8jBux1rEyypnmlZZ/Tp/aViHbdgLHPJ93D4sQo9SIXk/sf4ZbKpd87pbJKbeg6M96ZL/bhgWcsCbGWvrPIY5OMSfnUZjxX/EQ1nydeUTBPnjRHpifZy+TZpzr7BbMcCDk3lrHQ5F7gmoOTD1jk95rSc3h8BBVmvGYi0VuY5RgxeTHFKWOfSboVGfF0zf7Q54NqDD/01rTjV/lSKwSW1JPeawdbsUxizGp492kes0iM+TMm20FzSIJUiCGs+UFBAIkDgiMXN2DkloQz8jEQaC7xl5wDSNEXaFLoMkZwRSBrPE7PSAldjIxVELLGYjZ49DaZDQrAk8QbMgSdBQbsqINGwjRoykPGGTHhGWjAg0MRmG1w2MO4rCwLDi5puEwGSVIjOnXVJlKoFBEF72RSDTyit/f2pWJZl7MVzjl5ZfRXRWL6s+FoXrBl52gsYBBjfglJ49lJ6GFktbS8xpwhit84xQmnEQnOkAzHoYdjzzWkDyaOj7IbUCzzCHr0T0r+EjRqfHwhht1tIk1RIlHECQzsNMswo8aE9wjndknVEFhoRLy8nFwfyJeRkqMVIZTQgggjUEZgiLAdolZQzCj6MAMm/EOHdFbxRq6xMPkSx9GlSUkbWu1Y5jNxPpoIkktAgSJkhGX3Oxcopk7JEkkQOXgiywmWkLa2SzUyhaHIakOJoyhVNXrQuDBcrI7SKiAFWGk9OrComkacYSVkgakRTHJgd5mcFSNIY/bstmolmPRLij0DzZWz/9k=","Die Astern sind mit über 180 bekannten Arten nicht nur Teil der großen Familie der Korbblütler, sondern sogar ihr Namensgeber (Asteraceae). Urformen der Pflanzen stammen sowohl aus Amerika und Afrika als auch aus dem eurasischen Raum. Die farbenfrohen Korbblütler schmücken den Garten am Ende der Saison in einer für diese Jahreszeit ungewöhnlichen Blütenfülle und sind dabei nicht einmal besonders anspruchsvoll. Die Aster steht symbolisch für Unverbindlichkeit und Gleichgültigkeit.",https://www.mein-schoener-garten.de/pflanzen/astern,Unverbindlichkeit,Gleichgültigkeit,,,,,,
6,Gänseblümchen,Bellis perennis,white,6_Bellis_perennis_white.png,https://upload.wikimedia.org/wikipedia/commons/thumb/1/18/Gaensebluemchen-Krusenkoppel-2022_05_msu-7425-7154.jpg/600px-Gaensebluemchen-Krusenkoppel-2022_05_msu-7425-7154.jpg,"Beheimatet ist die Blumenart Bellis in fast ganz Europa und wächst bevorzugt auf Wiesen und Weiden mit nährstoffreichen, durchlässigen, feuchten, lehmigen Böden. Genau genommen handelt es sich bei den bunten, großblütigen Bellis um die Kulturform des Gänseblümchens. Diese sind häufig zweijährige Zierpflanzen, die sehr stark züchterisch bearbeitet wurden und deshalb kaum mehr Ähnlichkeit mit der ursprünglichen Wildform haben. Die Bellis steht für Demut, Treue und Unschuld.","https://www.plantura.garden/blumen-stauden/tausendschoen/tausendschoen-pflanzenportrait#:~:text=Wenn%20die%20Bellis%20plötzlich%20die,ihre%20Köpfe%20bald%20wieder%20aufrichten.",Demut,Treue,Unschuld,,,,,
7,Maßliebchen,Bellis perennis,pink,7_Bellis_perennis_pink.png,https://upload.wikimedia.org/wikipedia/commons/thumb/c/cd/Gänseblümchen_%28Maßliebchen%29.jpg/1280px-Gänseblümchen_%28Maßliebchen%29.jpg,"Beheimatet ist die Blumenart Bellis in fast ganz Europa und wächst bevorzugt auf Wiesen und Weiden mit nährstoffreichen, durchlässigen, feuchten, lehmigen Böden. Genau genommen handelt es sich bei den bunten, großblütigen Bellis um die Kulturform des Gänseblümchens. Diese sind häufig zweijährige Zierpflanzen, die sehr stark züchterisch bearbeitet wurden und deshalb kaum mehr Ähnlichkeit mit der ursprünglichen Wildform haben. Die pinke Bellis steht für Dankbarkeit, Romantik und Freundschaft.","https://www.plantura.garden/blumen-stauden/tausendschoen/tausendschoen-pflanzenportrait#:~:text=Wenn%20die%20Bellis%20plötzlich%20die,ihre%20Köpfe%20bald%20wieder%20aufrichten.",Dankbarkeit,Romantik,Freundschaft,,,,,
8,Brennnessel,Urtica,green,8_Urtica.png,https://upload.wikimedia.org/wikipedia/commons/thumb/d/da/Brennnessel.jpg/600px-Brennnessel.jpg,Die Brennnesseln (Urtica) bilden eine Pflanzengattung in der Familie der Brennnesselgewächse (Urticaceae). Die 30 bis 70 Arten kommen fast weltweit vor. In Deutschland nahezu überall anzutreffen sind die Große Brennnessel und die Kleine Brennnessel sowie seltener die Röhricht-Brennnessel und die Pillen-Brennnessel. Sie steht symbolisch für Eifersucht aber auch für Schutz.,https://de.wikipedia.org/wiki/Brennnesseln,Eifersucht,Schutz,,,,,,
9,Chrysantheme,Chrysanthemum,white,9_Chrysanthemum.png,https://upload.wikimedia.org/wikipedia/commons/thumb/e/ed/Chrysanthemum_japonense1.jpg/800px-Chrysanthemum_japonense1.jpg,"Chrysanthemen (Chrysanthemum) gehören zu den populärsten Garten- und Balkonpflanzen und die Auswahl der im Handel erhältlichen Sorten ist groß, Es gibt sie mit ein- und mehrfarbigen, gefüllten und ungefüllten Blüten. Obwohl es sich um Herbstblüher handelt, werden sie fast ganzjährig angeboten. Botanisch gehört die Pflanzengattung der Chrysanthemen zur Familie der Korbblütler (Asteraceae). Die über 40 Arten sind hauptsächlich in Ostasien verbreitetet und wurden bereits vor mehr als 2.000 Jahren in China als Zierpflanzen kultiviert. Im 17. Jahrhundert kamen die ersten Pflanzen in sechs Farbvarianten nach Europa. Heute gibt es über 5.000 verschiedene Sorten, von denen jedoch nicht alle winterhart sind. Aufgrund ihrer engen Verwandtschaft mit den echten Astern werden die winterhärteren Züchtungen fürs Freiland häufig auch als Winterastern bezeichnet. Sie stehen für Offenheit, Zuneigung und Empfänglichkeit.",https://www.mein-schoener-garten.de/pflanzen/chrysanthemen,Offenheit,Zuneigung,Empfänglichkeit,,,,,
10,Herbst Chrysantheme,Chrysanthemum indicum,yellow,10_Chrysanthemum_indicum.png,https://upload.wikimedia.org/wikipedia/commons/thumb/9/92/Chrysanthemum_indicum_17122010.jpg/600px-Chrysanthemum_indicum_17122010.jpg,"Die frostempfindlichen Sorten werden als Herbst-Chrysanthemen angeboten und sind ein bunter Schmuck für Balkon und Terrasse oder dienen als Schnittblumen für die Vase. Neu am Markt ist der jedes Jahr größer werdende Anteil an winterharten Garten-Chrysanthemen. Im Handel werden sie oft unter der Bezeichnung ""Garden-Mums"" angeboten. Diese Sorten sind besonders robust, denn anders als die herkömmlichen Topf-Chrysanthemen, die der Gärtner im Gewächshaus anzieht, wachsen die Garten-Chrysanthemen im Freien heran. Das macht sie robuster, was sich besonders bei Regen und Schlechtwetterperioden zeigt. Außerdem verstärkt der Frischluft-Aufenthalt die Intensität ihrer herrlichen Herbstfarben und sie zeichnen sich durch eine länger anhaltende Blütezeit aus. Der Grund: Die Stauden öffnen nicht alle Blüten gleichzeitig, sondern in Schüben. Putzt man Verblühtes aus, kann man sich viele Wochen an den Pflanzen freuen. Die Haltbarkeit hängt übrigens auch von der Blütenfarbe ab: Versuche zeigten, dass rosafarbene und violette Sorten am längsten blühen. Auch was die Blütenfülle angeht, sind Chrysanthemen konkurrenzlos. Diese Sorte steht für Optimismus, für Abschied und Erinnerung.",https://www.mein-schoener-garten.de/pflanzen/chrysanthemen,Optimismus,Abschied,Erinnerung,,,,,
11,Mädchenauge,Coreopsis,yellow,11_Coreopsis.png,https://upload.wikimedia.org/wikipedia/commons/thumb/b/bf/Coreopsis_lanceolata_Sterntaler.JPG/600px-Coreopsis_lanceolata_Sterntaler.JPG,"In etwa 115 Arten Einjähriger und meist kurzlebiger Stauden, die hauptsächlich in den Prärien Nordamerikas heimisch sind, umfasst diese Gattung. Als wüchsige, reich und anhaltend blühende Stauden mit buschigem, aufrechtem Wuchs bereichern die Mädchenaugen den sommerlichen Garten. Die attraktive Beetstaude bevorzugt meist locker-humose, frische, relativ nährstoffreiche Böden in vollsonniger Lage. Als Partner bieten sich andere Präriestauden wie z.B. Helenium, Rudbeckia oder Echinacea an, aber auch in Bauerngärten erstrahlen die gelben Blüten wunderschön. Zudem werden v.a. die kurzlebigeren Arten zum Schnitt angebaut oder eignen sich für die Pflanzung in Kübeln und anderen Pflanzgefäßen. Das Mädchenauge steht symbolisch für Fröhlichkeit, Optimismus und Liebe.",https://www.gaissmayer.de/web/shop/pflanzen-sortiment/stauden/stauden-von-a-bis-d/coreopsis-maedchenauge/395/,Fröhlichkeit,Optimismus,Liebe,,,,,
12,Schwarze Tollkirsche,Atropa belladonna,red,12_Atropa_belladonna.png,https://www.naturadb.de/images/pflanzen/782/schwarze-tollkirsche-atropa-belladonna--10711-840sq.jpg,"Schwarze Tollkirsche (Atropa belladonna) ist eine Giftpflanze aus der Familie der Nachtschattengewächse (Solanacaeae). Man findet die 50-150 Zentimeter hohen krautigen Pflanzen ziemlich häufig auf Lichtungen und Waldwegen. Es handelt sich dabei um ein sommergrünes und ausdauerndes Kraut, das einer bis zu einem Meter tief hinabreichenden rübenförmigen Wurzel entspringt. Die aufrechten stumpfkantigen und gerillten Stängel verzweigen sich erst in etwa einem Meter Höhe und sind mit kurzen drüsigen Haaren besetzt. Daran sitzen die wechselständigen, bis zu 15 Zentimeter langen ovalen bis elliptischen Blätter, die in einer ausgezogenen Spitze enden. Sie sind ganzrandig, auf der Oberseite runzlig und braungrün, auf der Unterseite heller graugrün und vor allem in der Jugend stark behaart, später nur noch auf den Blattnerven der Unterseite. Die Blüten der Tollkirsche sind zwittrig, radiärsymmetrisch und fünfzählig und stehen einzeln oder in zwei- bis dreiblütigen Wickeln in den oberen Blattachseln. Der Kelch ist deutlich kürzer als die Krone, spitz kurzzipfelig, grün und flaumig behaart. Die innen braunvioletten, außen gelbgrünen Kronblätter sind zu einer glockenförmigen Röhre verwachsen, fein behaart, mit leicht zurückgeschlagenen oval-rundlichen Zipfeln. Charakteristisch sind die zurückgekrümmten grünen Staubfäden mit gelben Staubbeuteln. Bei den Früchten handelt es sich um zunächst grüne, in der Reife schwarzviolette Beeren, die auf dem verweilenden sternförmig zipfeligen Kelch sitzen. Sie enthalten rundliche bis nierenförmige, braune Samen. Diese Pflanze steht für Verführung, Risiko und Gift.",https://www.naturadb.de/pflanzen/atropa-belladonna/,Verführung,Risiko,Gift,,,,,
13,Dahlie,Dahlia,purple,13_Dahlia.png,https://upload.wikimedia.org/wikipedia/commons/thumb/9/98/Dahlia_merckii-IMG_4646.jpg/1024px-Dahlia_merckii-IMG_4646.jpg,"Dahlien (Dahlia) sind in Norddeutschland auch als Georginen bekannt und gehören zur Familie der Korbblütler (Asteraceae). Sie schmückten in ihrem Herkunftsland Mexiko bereits die Tempel der Azteken, denn das natürliche Verbreitungsgebiet aller 35 Arten sind die Hochebenen Mexikos und Guatemalas. Wie neuere Untersuchungen bestätigen, hatten Dahlien in Mittelamerika auch als Nutzpflanzen eine gewisse Bedeutung – ihre stärkereichen Knollen lassen sich wie Kartoffeln zubereiten. Ende des 18. Jahrhunderts fand die Knollenpflanze den Weg über Madrid nach Europa. Die bei uns bekannten Garten-Dahlien gehen vermutlich ausnahmslos auf Kreuzungen der beiden Wildarten Dahlia pinnata und Dahlia coccineus zurück. Da die Pflanzen von Natur aus eine hohe Variabilität zeigen, sind im Lauf der Zeit mehrere Tausend Sorten mit fast allen Blütenfarben und oft auch mehrfarbigen Blüten entstanden. Lediglich reines Blau und tiefe Violetttöne gibt es nicht. Da die Blütenformen sehr unterschiedlich sind, teilt man die Sorten heute je nach deren Aufbau in 15 verschiedene Sortengruppen wie zum Beispiel Anemonenblütige Dahlien oder Pompon-Dahlien ein. Dahlien stehen symbolisch für Treue, Eleganz und Stabilität.",https://www.mein-schoener-garten.de/pflanzen/dahlien,Treue,Eleganz,Stabilität,,,,,
14,Lilie,Lilium,white,14_Lilium.png,https://www.gartencenterkoeman.de/blumenzwiebeln/lilie/asiatische-lilie-weiss.html,"Lilien sind ausdauernde, aufrecht wachsende Zwiebelpflanzen mit oft auffälligen Blüten. Aufgrund ihres attraktiven Erscheinungsbilds wurden und werden sie in vielen Kulturen als Zierpflanzen geschätzt. Einige Arten zählen zu den ältesten Zierpflanzen überhaupt und fanden auch Verwendung als religiöse Symbole. Die Lilie steht für Schönheit, Reinheit, Würde und Weiblichkeit.",https://de.wikipedia.org/wiki/Lilien,Schönheit,Reinheit,,,,,,
15,Lilie,Lilium,red,15_Lilium.png,https://www.cebule.de/ger_pl_Asiatische-rote-Lilie-Lilium-1-Stk-8222_1.jpg,"Lilien sind ausdauernde, aufrecht wachsende Zwiebelpflanzen mit oft auffälligen Blüten. Aufgrund ihres attraktiven Erscheinungsbilds wurden und werden sie in vielen Kulturen als Zierpflanzen geschätzt. Einige Arten zählen zu den ältesten Zierpflanzen überhaupt und fanden auch Verwendung als religiöse Symbole. Die rote Feuerlilie steht für Liebe.",https://de.wikipedia.org/wiki/Lilien,Liebe,,,,,,,
16,Lilie,Lilium,yellow,16_Lilium.png,https://florio-garten.de/product-ger-343-asiatische-gelbe-Lilie-Nashville-1-st.html,"Lilien sind ausdauernde, aufrecht wachsende Zwiebelpflanzen mit oft auffälligen Blüten. Aufgrund ihres attraktiven Erscheinungsbilds wurden und werden sie in vielen Kulturen als Zierpflanzen geschätzt. Einige Arten zählen zu den ältesten Zierpflanzen überhaupt und fanden auch Verwendung als religiöse Symbole. Die gelbe Lilie steht für Eitelkeit.",https://de.wikipedia.org/wiki/Lilien,Eitelkeit,,,,,,,
17,Nelke,Dianthus,yellow,17_Dianthus.png,https://www.meingartenshop.de/dianthus-gartennelke-gelb-9-cm-topf-a14241.html,"Die Nelken (Dianthus) bilden eine Pflanzengattung in der Familie der Nelkengewächse (Caryophyllaceae). Die 320 bis 600 Arten kommen in den gemäßigten Gebieten der Nordhalbkugel vor. Die Nelke war das Symbol der französischen Revolution und später der Arbeiterbewegung. Später, in den 50er-, 60er-Jahren war sie eher der Inbegriff der Spießigkeit. Doch in den letzten Jahren erlebt die Nelke eine Renaissance, wobei auch die Farben der Nelken noch eigene Bedeutungen haben. Die gelbe Nelke steht für Verachtung und Spießigkeit.","https://de.wikipedia.org/wiki/Nelken , https://www.br.de/radio/bayern1/blumen-bedeutung-100.html",Verachtung,Spießigkeit,,,,,,
18,Nelke,Dianthus,red,18_Dianthus.png,https://www.blumigo.de/produkt/dunkelrote-edelnelken-crimson-tempo-marsala/,"Die Nelken (Dianthus) bilden eine Pflanzengattung in der Familie der Nelkengewächse (Caryophyllaceae). Die 320 bis 600 Arten kommen in den gemäßigten Gebieten der Nordhalbkugel vor. Die Nelke war das Symbol der französischen Revolution und später der Arbeiterbewegung. Später, in den 50er-, 60er-Jahren war sie eher der Inbegriff der Spießigkeit. Doch in den letzten Jahren erlebt die Nelke eine Renaissance, wobei auch die Farben der Nelken noch eigene Bedeutungen haben. Die rote Nelke ist ein Symbol für die Liebe, Widerstand und Spießigkeit.","https://de.wikipedia.org/wiki/Nelken , https://www.br.de/radio/bayern1/blumen-bedeutung-100.html",Liebe,Widerstand,Spießigkeit,,,,,
19,Ranunkeln,Ranunculus,pink,19_Ranunculus.png,https://www.qfbgardening.de/ranunkel-picotee-pink-ranunculus,"Die volle Blüte der Ranunkel hat eine einfache, aber nicht minder schöne Botschaft für den Empfänger. Ein Bund der vollen Blüten steht für Charme. Die Frühlingsblume lässt sich also in Hinblick auf ihre Botschaft sehr gut verschenken. Doch auch Vorsicht ist geboten, denn die Ranunkel ist eine giftige Pflanze.",https://www.br.de/radio/bayern1/blumen-bedeutung-100.html,Charme,,,,,,,
20,Pfingstrose,Paeonia,white,20_Paeonia.png,https://www.naturagart.de/out/pictures/generated/product/1/570_570_75/10445-pfingstrose-weiss-paeonia-lactiflora-flo-1.jpg,"Die Pfingstrosen, auch Päonien genannt, sind die einzige Pflanzengattung der Familie der Pfingstrosengewächse. Diese Gattung umfasst 32 Arten. Die Pfingstrose, auch Paeonie genannt, kann Geborgenheit und Weiblichkeit bedeuten, aber auch für Scham stehen.","https://www.br.de/radio/bayern1/blumen-bedeutung-100.html , https://de.wikipedia.org/wiki/Pfingstrosen",Geborgenheit,Weiblichkeit,Scham,,,,,
21,Pfingstrose,Paeonia,pink,21_Paeonia.png,https://www.blumenzwiebelnversand.de/pfingstrose/paeonia-pink-hawaiian-coral.html,"Die Pfingstrosen, auch Päonien genannt, sind die einzige Pflanzengattung der Familie der Pfingstrosengewächse. Diese Gattung umfasst 32 Arten. Die Pfingstrose, auch Paeonie genannt, kann Geborgenheit und Weiblichkeit bedeuten, aber auch für Scham stehen. Die pinke Pfingstrose ist neben der roten Rose das klassische Symbol für Liebe und Romantik.","https://www.br.de/radio/bayern1/blumen-bedeutung-100.html , https://de.wikipedia.org/wiki/Pfingstrosen",Liebe,Geborgenheit,Scham,,,,,
22,Sonnenblume ,Helianthus annuus,yellow,22_Helianthus_annuus.png,https://www.mein-schoener-garten.de/pflanzen/sonnenblume/gewoehnliche-sonnenblume,"Die Sonnenblume, auch Gewöhnliche Sonnenblume genannt, ist eine Pflanzenart aus der Gattung der Sonnenblumen in der Familie der  Korbblütler. Sonnenblumen stehen für Fröhlichkeit, Wärme und Lebensfreude. Ende der 60er-Jahre entdeckte die Hippie-Bewegung die Sonnenblume als Symbol für Freiheit und Offenheit.","https://de.wikipedia.org/wiki/Sonnenblume , https://www.br.de/radio/bayern1/blumen-bedeutung-100.html",Freiheit,Wärme,Lebensfreude,,,,,
23,Tulpe,Tulipa,red,23_Tulipa.png,https://www.atelier2f.de/bildkatalog/show/49177-Rote-Tulpen,"Die Tulpe ist eine der liebsten Blumen der Deutschen, um genau zu sein, wird sie am zweithäufigsten gekauft. Sie ist der Rose ähnlich und steht für starke Emotionen. Sie kann, laut Emily Dickinsons ""Sprache der Blumen"", ""Du hast mich verwandelt"" bedeuten, aber auch für eine enttäuschte Liebe stehen. Die rosa Tulpe steht, wie die rosa Rose, für zarte Bande. Und auch die rote Tulpe steht wie die rote Rose und die rote Nelke für die Liebe.",https://www.br.de/radio/bayern1/blumen-bedeutung-100.html,Liebe,,,,,,,
24,Tulpe,Tulipa,white,24_Tulipa.png,https://www.cebule.de/product-ger-6890-Tulpe-Tulipa-Weisse-Berliner.html,"Die Tulpe ist eine der liebsten Blumen der Deutschen, um genau zu sein, wird sie am zweithäufigsten gekauft. Sie ist der Rose ähnlich und steht für starke Emotionen. Sie kann, laut Emily Dickinsons ""Sprache der Blumen"", ""Du hast mich verwandelt"" bedeuten, aber auch für eine enttäuschte Liebe stehen. Die rosa Tulpe steht, wie die rosa Rose, für zarte Bande. Weiße Tulpen sind ein Symbol für Verschlossenheit.",https://www.br.de/radio/bayern1/blumen-bedeutung-100.html,Verschlossenheit,,,,,,,
25,Tulpe,Tulipa,pink,25_Tulipa.png,https://order.blumenzwiebel.nl/darwin-tulpen/6663-tulipa-pink-impression-reg-6663.html,"Die Tulpe ist eine der liebsten Blumen der Deutschen, um genau zu sein, wird sie am zweithäufigsten gekauft. Sie ist der Rose ähnlich und steht für starke Emotionen. Sie kann, laut Emily Dickinsons ""Sprache der Blumen"", ""Du hast mich verwandelt"" bedeuten, aber auch für eine enttäuschte Liebe stehen. Die pinke Tulpe steht für Zartheit.",https://www.br.de/radio/bayern1/blumen-bedeutung-100.html,Zartheit,,,,,,,
26,Rose,Rosa,red,26_Rosa.png,https://www.blumigo.de/produkt/rosen-upper-class-rot/,"Die Rosen sind die namensgebende Pflanzengattung der Familie der Rosengewächse. Die Gattung umfasst je nach Auffassung des Autors 100 bis 250 Arten. Diese bilden durch ihre typischen Merkmale Stacheln, Hagebutten und unpaarig gefiederte Blätter eine sehr gut abgegrenzte Gattung. Es sind Sträucher mit meist auffälligen, fünfzähligen Blüten. Die meisten Arten sind nur in der Holarktis verbreitet. Die Wissenschaft von den Rosen wird als Rhodologie bezeichnet. Gärtnerisch wird zwischen Wildrosen und Kulturrosen unterschieden. Die Rose wird seit der griechischen Antike als „Königin der Blumen“ bezeichnet. Rosen werden seit mehr als 2000 Jahren als Zierpflanzen gezüchtet. Das aus den Kronblättern gewonnene Rosenöl ist ein wichtiger Grundstoff der Parfumindustrie. Die Rose an sich ist die Blume der Liebe. Der Klassiker sind rote Rosen, denn die rote Rose steht mehr, als andere Rosen für die Liebe.",https://www.br.de/radio/bayern1/blumen-bedeutung-100.html,Liebe,,,,,,,
27,Rose,Rosa,pink,27_Rosa.png,https://www.plantura.garden/gehoelze/rosen/rosa-rosen,"Die Rosen sind die namensgebende Pflanzengattung der Familie der Rosengewächse. Die Gattung umfasst je nach Auffassung des Autors 100 bis 250 Arten. Diese bilden durch ihre typischen Merkmale Stacheln, Hagebutten und unpaarig gefiederte Blätter eine sehr gut abgegrenzte Gattung. Es sind Sträucher mit meist auffälligen, fünfzähligen Blüten. Die meisten Arten sind nur in der Holarktis verbreitet. Die Wissenschaft von den Rosen wird als Rhodologie bezeichnet. Gärtnerisch wird zwischen Wildrosen und Kulturrosen unterschieden. Die Rose wird seit der griechischen Antike als „Königin der Blumen“ bezeichnet. Rosen werden seit mehr als 2000 Jahren als Zierpflanzen gezüchtet. Das aus den Kronblättern gewonnene Rosenöl ist ein wichtiger Grundstoff der Parfumindustrie. Pinke Rosen stehen für Zartheit.",https://www.br.de/radio/bayern1/blumen-bedeutung-100.html,Zartheit,,,,,,,
28,Rose,Rosa,white,28_Rosa.png,https://www.mein-schoener-garten.de/gartengestaltung/gartenideen/die-besten-weissen-rosen-fuer-den-garten-35261,"Die Rosen sind die namensgebende Pflanzengattung der Familie der Rosengewächse. Die Gattung umfasst je nach Auffassung des Autors 100 bis 250 Arten. Diese bilden durch ihre typischen Merkmale Stacheln, Hagebutten und unpaarig gefiederte Blätter eine sehr gut abgegrenzte Gattung. Es sind Sträucher mit meist auffälligen, fünfzähligen Blüten. Die meisten Arten sind nur in der Holarktis verbreitet. Die Wissenschaft von den Rosen wird als Rhodologie bezeichnet. Gärtnerisch wird zwischen Wildrosen und Kulturrosen unterschieden. Die Rose wird seit der griechischen Antike als „Königin der Blumen“ bezeichnet. Rosen werden seit mehr als 2000 Jahren als Zierpflanzen gezüchtet. Das aus den Kronblättern gewonnene Rosenöl ist ein wichtiger Grundstoff der Parfumindustrie. Die weiße Rose steht für Reinheit, Sehnsucht und Treue.",https://www.br.de/radio/bayern1/blumen-bedeutung-100.html,Reinheit,Treue,Sehnsucht,,,,,
29,Rose,Rosa,yellow,29_Rosa.png,https://www.rosenlieb.de/blog/bedeutung-gelbe-rosen,"Die Rosen sind die namensgebende Pflanzengattung der Familie der Rosengewächse. Die Gattung umfasst je nach Auffassung des Autors 100 bis 250 Arten. Diese bilden durch ihre typischen Merkmale Stacheln, Hagebutten und unpaarig gefiederte Blätter eine sehr gut abgegrenzte Gattung. Es sind Sträucher mit meist auffälligen, fünfzähligen Blüten. Die meisten Arten sind nur in der Holarktis verbreitet. Die Wissenschaft von den Rosen wird als Rhodologie bezeichnet. Gärtnerisch wird zwischen Wildrosen und Kulturrosen unterschieden. Die Rose wird seit der griechischen Antike als „Königin der Blumen“ bezeichnet. Rosen werden seit mehr als 2000 Jahren als Zierpflanzen gezüchtet. Das aus den Kronblättern gewonnene Rosenöl ist ein wichtiger Grundstoff der Parfumindustrie. Die gelbe Rose steht für Reichtum, Kraft und Eifersucht.",https://www.br.de/radio/bayern1/blumen-bedeutung-100.html,Reichtum,Eifersucht,Kraft,,,,,
30,Hortensie,Hydrangea,blue,30_Hydrangea.png,https://www.hauert.com/ch-de/angebot/privatkunden/ratgeber/detail/so-bleiben-ihre-hortensien-blau,"Die Hortensien sind eine Pflanzengattung in der Familie der Hortensiengewächse. Sorten einiger ihrer Arten sind beliebte Ziersträucher. Die in Mitteleuropa bekannteste darunter ist die Gartenhortensie. Die Hortensie hat mehrere Bedeutungen. Sie steht für Schönheit, Anmut, Dankbarkeit, aber auch Überfluss und Eitelkeit. ",https://www.br.de/radio/bayern1/blumen-bedeutung-100.html,Schönheit,Anmut,Dankbarkeit,Überfluss,Eitelkeit,,,
31,Hortensie,Hydrangea,purple,31_Hydrangea.png,https://www.weber-baumschule.de/de-de/artikel/823/hydrangea-macrophylla-lila,"Die Hortensien sind eine Pflanzengattung in der Familie der Hortensiengewächse. Sorten einiger ihrer Arten sind beliebte Ziersträucher. Die in Mitteleuropa bekannteste darunter ist die Gartenhortensie. Die Hortensie hat mehrere Bedeutungen. Sie steht für Schönheit, Anmut, Dankbarkeit, aber auch Überfluss und Eitelkeit. ",https://www.br.de/radio/bayern1/blumen-bedeutung-100.html,Schönheit,Anmut,Dankbarkeit,Überfluss,Eitelkeit,,,
32,Hortensie,Hydrangea,pink,32_Hydrangea.png,https://www.floragard.de/de-de/pflanzeninfothek/pflanze/laubgehoelze/bauernhortensie-pink-pop,"Die Hortensien sind eine Pflanzengattung in der Familie der Hortensiengewächse. Sorten einiger ihrer Arten sind beliebte Ziersträucher. Die in Mitteleuropa bekannteste darunter ist die Gartenhortensie. Die Hortensie hat mehrere Bedeutungen. Sie steht für Schönheit, Anmut, Dankbarkeit, aber auch Überfluss und Eitelkeit. ",https://www.br.de/radio/bayern1/blumen-bedeutung-100.html,Schönheit,Anmut,Dankbarkeit,Überfluss,Eitelkeit,,,
33,Hortensie,Hydrangea,white,33_Hydrangea.png,https://gartenonlineshop.com/Ball-Hortensie-Endless-Summer-weiss-8-10-Triebe,"Die Hortensien sind eine Pflanzengattung in der Familie der Hortensiengewächse. Sorten einiger ihrer Arten sind beliebte Ziersträucher. Die in Mitteleuropa bekannteste darunter ist die Gartenhortensie. Die Hortensie hat mehrere Bedeutungen. Die weiße Hortensie steht für Reinheit, Ehrlichkeit und Unschuld.",https://www.br.de/radio/bayern1/blumen-bedeutung-100.html,Reinheit,Ehrlichkeit,Unschuld,,,,,
34,Gerbera,Gerbera,red,34_Gerbera.png,https://www.living4media.de/bilder/00648440-Rote-Gerbera,"Die Gerbera steht für Freude. Sie ist eine Blume, mit einer eher unverfänglichen Bedeutung. Wer einen Strauß Gerbera verschenkt, der verschenkt ein Symbol für Freundschaft und Aufrichtigkeit. Sie sind das ideale Mitbringsel. Wobei auch die Farbe der Gerbera eine eigene Bedeutung hat. So steht die rote Gerbera, wie beinahe alle roten Blumen für die Liebe.",https://www.br.de/radio/bayern1/blumen-bedeutung-100.html,Freude,Freundschaft,Aufrichtigkeit,Liebe,,,,
35,Gerbera,Gerbera,orange,35_Gerbera.png,https://www.thegreenrevolution.it/coltivazione-della-gerbera/close-up-of-gerbera-daisies/,"Die Gerbera steht für Freude. Sie ist eine Blume, mit einer eher unverfänglichen Bedeutung. Wer einen Strauß Gerbera verschenkt, der verschenkt ein Symbol für Freundschaft und Aufrichtigkeit. Sie sind das ideale Mitbringsel. Wobei auch die Farbe der Gerbera eine eigene Bedeutung hat. So steht die orange Gerbera für Kraft und Ermutigung.",https://www.br.de/radio/bayern1/blumen-bedeutung-100.html,Freude,Freundschaft,Aufrichtigkeit,Kraft,Ermutigung,,,
36,Gerbera,Gerbera,pink,36_Gerbera.png,https://www.bezahlbare-blumen.de/10-mini-gerbera-kimsey-rosa,"Die Gerbera steht für Freude. Sie ist eine Blume, mit einer eher unverfänglichen Bedeutung. Wer einen Strauß Gerbera verschenkt, der verschenkt ein Symbol für Freundschaft und Aufrichtigkeit. Sie sind das ideale Mitbringsel. Wobei auch die Farbe der Gerbera eine eigene Bedeutung hat.",https://www.br.de/radio/bayern1/blumen-bedeutung-100.html,Freude,Freundschaft,Aufrichtigkeit,,,,,
37,Margerite,Leucanthemum,white,37_Leucanthemum.png,https://www.pflanzen-koelle.de/ratgeber/pflanzen-a-z/wie-pflege-ich-meine-margerite-richtig/,"Die einfachen und dabei doch so hübschen Margeriten haben eine ebenso einfache und schöne Bedeutung: sie stehen für Glück, Natürlichkeit und Unschuld.",https://www.br.de/radio/bayern1/blumen-bedeutung-100.html,Glück,Natürlichkeit,Unschuld,,,,,
38,Orchidee,Orchidaceae,white,38_Orchidaceae.png,https://florali24.de/products/orchidee,"Mit ihrer exotischen Schönheit eignen sich Orchideen besonders gut als Geschenk, um Zuneigung und Bewunderung auszudrücken. Dabei sprechen die unterschiedlichen Sorten und Farben dieselbe Sprache und eignen sich gleichermaßen für Blumengrüße mit einer solchen Bedeutung. Ganz nebenbei weisen sie auch auf die außergewöhnliche Schönheit der beschenkten Person hin. ",https://www.fleurop.de/blog/tipps-blumen/blumen-bedeutung,Zuneigung,Bewunderung,Schönheit,,,,,
39,Orchidee,Orchidaceae,orange,39_Orchidaceae.png,https://www.fleurdirect.com/orchidee-151149778.html,"Mit ihrer exotischen Schönheit eignen sich Orchideen besonders gut als Geschenk, um Zuneigung und Bewunderung auszudrücken. Dabei sprechen die unterschiedlichen Sorten und Farben dieselbe Sprache und eignen sich gleichermaßen für Blumengrüße mit einer solchen Bedeutung. Ganz nebenbei weisen sie auch auf die außergewöhnliche Schönheit der beschenkten Person hin.",https://www.fleurop.de/blog/tipps-blumen/blumen-bedeutung,Zuneigung,Bewunderung,Schönheit,,,,,
40,Orchidee,Orchidaceae,pink,40_Orchidaceae.png,https://www.decofleur.com/de/kunstblumen/kunstblumen-angestiellt/kunstliche-orchidee-rosacreme-73cm,"Mit ihrer exotischen Schönheit eignen sich Orchideen besonders gut als Geschenk, um Zuneigung und Bewunderung auszudrücken. Dabei sprechen die unterschiedlichen Sorten und Farben dieselbe Sprache und eignen sich gleichermaßen für Blumengrüße mit einer solchen Bedeutung. Ganz nebenbei weisen sie auch auf die außergewöhnliche Schönheit der beschenkten Person hin.",https://www.fleurop.de/blog/tipps-blumen/blumen-bedeutung,Zuneigung,Bewunderung,Schönheit,,,,,
41,Calla,Zantedeschia,white,41_Zantedeschia.png,https://www.picturethisai.com/de/care/Zantedeschia_aethiopica.html,"Callas gehören zu den exotischeren Blumensorten und strahlen mit ihrer außergewöhnlich geschwungenen Form pure Eleganz aus. Auch die Calla hatte in der Vergangenheit eine andere Bedeutung und symbolisierte als Trauerblume den Tod. Heute steht sie im Gegenteil dazu eher für Unsterblichkeit und repräsentiert mit ihrem eleganten Aussehen Faszination und Schönheit. Wann immer man seinem Gegenüber also Bewunderung signalisieren oder die Botschaft „Du bist schön. Ich bewundere Dich!“ überbringen möchte, sind Callas die richtige Wahl.",https://www.fleurop.de/blog/tipps-blumen/blumen-bedeutung,Trauer,Tod,Unsterblichkeit,Faszination,Schönheit,,,
42,Jasmin,Jasminum,yellow,42_Jasminum.png,https://www.pflanzmich.de/produkt/44322/echter-winter-jasmin.html,"Jasmin kommt aus den tropischen Gebieten Asiens. Der Name dieser Blume lässt sich auf das persische Wort Yasmin zurückführen, das ""Geschenk Gottes"" bedeutet. Jasmin ist die Nationalblume Pakistans. In vielen Ländern des tropischen Asiens ist Jasmin Teil von Hochzeitszeremonien. Teile der Pflanze werden in Kosmetika verwendet. Jasmin besitzt einen betörenden Duft, der zum Träumen anregt, und gilt als die Blume der Verliebten, sieh steht also für Verliebtheit. Jasmin verkörpert Liebe, Sinnlichkeit und Schönheit und lädt zu Fantasiereisen ein.",https://www.manomano.de/beratung/blumensprache-20-blumen-und-ihre-bedeutung-9232,Verliebtheit,Liebe,Sinnlichkeit,Schönheit,Träumen,,,
43,Narzisse,Narcissus,yellow,43_Narcissus.png,https://www.mein-schoener-garten.de/gartenpraxis/ziergaerten/narzissen-teilen-9076,"Eine Narzisse kann gleich mehrere Bedeutungen haben. Zum einen kann sie für Frühling und Fruchtbarkeit stehen und zum anderen allerdings auch für Negatives. So kann diese Blume auch für Eigenliebe bzw. Selbstverliebtheit stehen und die Unfähigkeit symbolisieren, andere Menschen zu lieben. ",https://www.blumeideal.de/blog/narzisse-bedeutung,Frühling,Fruchtbarkeit,Eigenliebe,Selbstverliebtheit,Tod,Eitelkeit,,
44,Narzisse,Narcissus,orange,44_Narcissus.png,https://www.bildderfrau.de/leben/haus-garten/unterschied-osterglocken-narzissen-116033/,"Eine Narzisse kann gleich mehrere Bedeutungen haben. Zum einen kann sie für Frühling und Fruchtbarkeit stehen und zum anderen allerdings auch für Negatives. So kann diese Blume auch für Eigenliebe bzw. Selbstverliebtheit stehen und die Unfähigkeit symbolisieren, andere Menschen zu lieben. In seltenen Fällen kann die Narzisse auch für den Tod stehen.",https://www.blumeideal.de/blog/narzisse-bedeutung,Frühling,Fruchtbarkeit,Eigenliebe,Selbstverliebtheit,Tod,Eitelkeit,,
45,Vergissmeinnicht,Myosotis,blue,45_Myosotis.png,https://www.naturadb.de/pflanzen/myosotis-sylvatica/,"Vergissmeinnicht ist eine Pflanzengattung aus der Familie der Raublattgewächse. Sorten einiger Arten werden als Zierpflanzen verwendet. Der volkstümliche Name entstammt vermutlich einer deutschen Sage aus dem Mittelalter, wonach die kleine Pflanze Gott bat, sie nicht zu vergessen. Das zarte blaue Blümchen trägt seine Botschaft schon im Namen. Es wird gerne von verliebten Paaren verschenkt, weil es ihre Liebe und Treue zueinander symbolisiert.",https://www.servus.com/a/g/welche-blume-steht-wofuer,Treue,Liebe,,,,,,
46,Veilchen,Viola,purple,46_Viola.png,https://graefin-von-zeppelin.de/collections/viola-veilchen,"Veilchen oder Violen sind eine Pflanzengattung innerhalb der Familie der Veilchengewächse. Von den 400 bis 650 Arten gedeihen die meisten in den gemäßigten Gebieten der Erde. Die Zentren der Artenvielfalt liegen in Nordamerika, den Anden und Japan. Das zierliche Veilchen ist dezent und zurückhaltend. Sie steht für Unschuld, Bescheidenheit und Verschwiegenheit. Besonders die blauen Veilchen sagen leise „Bitte um Geduld“.",https://www.servus.com/a/g/welche-blume-steht-wofuer,Unschuld,Bescheidenheit,Verschwiegenheit,Geduld,,,,
47,Calla,Zantedeschia,yellow,47_Zantedeschia.png,https://samen.de/blumenzwiebeln-und-knollen/blumenzwiebeln-fruehjahrspflanzung/calla/,"Callas gehören zu den exotischeren Blumensorten und strahlen mit ihrer außergewöhnlich geschwungenen Form pure Eleganz aus. Heute steht sie im Gegenteil dazu eher für Unsterblichkeit und repräsentiert mit ihrem eleganten Aussehen Faszination und Schönheit. Wann immer man seinem Gegenüber also Bewunderung signalisieren oder die Botschaft „Du bist schön. Ich bewundere Dich!“ überbringen möchte, sind Callas die richtige Wahl.",https://www.fleurop.de/blog/tipps-blumen/blumen-bedeutung,Trauer,Tod,Unsterblichkeit,Faszination,Schönheit,,,
48,Kamelie,Camellia,pink,48_Camellia.png,https://www.manomano.de/beratung/blumensprache-20-blumen-und-ihre-bedeutung-9232,"Kamelien kommen aus China und Japan und gehören seit tausenden von Jahren zu den Kulturen dieser Länder. Die Kamelie ist auch heute noch in vielen Teilen der Welt eine Blume mit großem Symbolcharakter. In Europa sind Kamelien seit dem 17. Jahrhundert bekannt. Ihr Name ist eine Hommage an den Jesuiten und Botaniker Joseph Kamel, der zu dieser Zeit auf den Philippinen stationiert war. Die Kamelie ist in Japan ein Symbol für Perfektion und steht auch hierzulande für Bewunderung und Stolz.",https://www.manomano.de/beratung/blumensprache-20-blumen-und-ihre-bedeutung-9232,Perfektion,Bewunderung,Stolz,,,,,
49,Kamelie,Camellia,red,49_Camellia.png,https://www.gartenflora.de/gartenwissen/pflanzenlexikon/kamelie/,"Kamelien kommen aus China und Japan und gehören seit tausenden von Jahren zu den Kulturen dieser Länder. Die Kamelie ist auch heute noch in vielen Teilen der Welt eine Blume mit großem Symbolcharakter. In Europa sind Kamelien seit dem 17. Jahrhundert bekannt. Ihr Name ist eine Hommage an den Jesuiten und Botaniker Joseph Kamel, der zu dieser Zeit auf den Philippinen stationiert war. Die Kamelie ist in Japan ein Symbol für Perfektion und steht auch hierzulande für Bewunderung und Stolz.",https://www.manomano.de/beratung/blumensprache-20-blumen-und-ihre-bedeutung-9232,Perfektion,Bewunderung,Stolz,,,,,
50,Kamelie,Camellia,yellow,50_Camellia.png,https://www.amazon.de/Kamelien-Zimmerpflanzen-Geschenke-Luftreinigende-Gartendeko/dp/B0CKQTFTVQ,"Kamelien kommen aus China und Japan und gehören seit tausenden von Jahren zu den Kulturen dieser Länder. Die Kamelie ist auch heute noch in vielen Teilen der Welt eine Blume mit großem Symbolcharakter. In Europa sind Kamelien seit dem 17. Jahrhundert bekannt. Ihr Name ist eine Hommage an den Jesuiten und Botaniker Joseph Kamel, der zu dieser Zeit auf den Philippinen stationiert war. Die Kamelie ist in Japan ein Symbol für Perfektion und steht auch hierzulande für Bewunderung und Stolz.",https://www.manomano.de/beratung/blumensprache-20-blumen-und-ihre-bedeutung-9232,Perfektion,Bewunderung,Stolz,,,,,
51,Kamelie,Camellia,white,51_Camellia.png,https://www.plantura.garden/gehoelze/kamelien/kamelie-pflanzenportrait,"Kamelien kommen aus China und Japan und gehören seit tausenden von Jahren zu den Kulturen dieser Länder. Die Kamelie ist auch heute noch in vielen Teilen der Welt eine Blume mit großem Symbolcharakter. In Europa sind Kamelien seit dem 17. Jahrhundert bekannt. Ihr Name ist eine Hommage an den Jesuiten und Botaniker Joseph Kamel, der zu dieser Zeit auf den Philippinen stationiert war. In ihrer weißenn Version können diese Blumen auch für Trauer stehen.",https://www.manomano.de/beratung/blumensprache-20-blumen-und-ihre-bedeutung-9232,Trauer,,,,,,,
52,Gladiole,Gladiolus,purple,52_Gladiolus.png,https://www.qfbgardening.de/gladiole-purple-flora,"Ihr Name kommt vom Lateinischen gladius und bedeutet ""Schwert"". Er leitet sich von der Form der Blätter ab. Gladiolen wurden zudem im antiken Rom an siegreiche Gladiatoren verschenkt. Sieg, Stolz, Ehre und Eroberung gehören zu den Bedeutungen dieser Blume. Gladiolen wurden damals verschenkt, um sich mit einer Person zu verabreden. Sie wird oft auch zur Geburt, zur Heirat oder als Glückwunsch verschenkt.",https://www.manomano.de/beratung/blumensprache-20-blumen-und-ihre-bedeutung-9232,Sieg,Stolz,Ehre,Eroberung,Verabredung,Geburt,Heirat,Glückwunsch
53,Gladiole,Gladiolus,yellow,53_Gladiolus.png,http://bilder.4ever.eu/natur/pflanzen/gladiolen-246977,"Ihr Name kommt vom Lateinischen gladius und bedeutet ""Schwert"". Er leitet sich von der Form der Blätter ab. Gladiolen wurden zudem im antiken Rom an siegreiche Gladiatoren verschenkt. Sieg, Stolz, Ehre und Eroberung gehören zu den Bedeutungen dieser Blume. Gladiolen wurden damals verschenkt, um sich mit einer Person zu verabreden. Sie wird oft auch zur Geburt, zur Heirat oder als Glückwunsch verschenkt.",https://www.manomano.de/beratung/blumensprache-20-blumen-und-ihre-bedeutung-9232,Sieg,Stolz,Ehre,Eroberung,Verabredung,Geburt,Heirat,Glückwunsch
54,Gladiole,Gladiolus,red,54_Gladiolus.png,https://www.floragard.de/de-de/pflanzeninfothek/pflanze/zwiebel-und-knollenpflanzen/gladiolus-rot,"Ihr Name kommt vom Lateinischen gladius und bedeutet ""Schwert"". Er leitet sich von der Form der Blätter ab. Gladiolen wurden zudem im antiken Rom an siegreiche Gladiatoren verschenkt. Sieg, Stolz, Ehre und Eroberung gehören zu den Bedeutungen dieser Blume. Gladiolen wurden damals verschenkt, um sich mit einer Person zu verabreden. Sie wird oft auch zur Geburt, zur Heirat oder als Glückwunsch verschenkt.",https://www.manomano.de/beratung/blumensprache-20-blumen-und-ihre-bedeutung-9232,Sieg,Stolz,Ehre,Eroberung,Verabredung,Geburt,Heirat,Glückwunsch
55,Gladiole,Gladiolus,white,55_Gladiolus.png,https://www.amazon.de/CHTING-Gladiolen-Zwiebeln-Mehrj%C3%A4hrige-Gartenbepflanzung-Anpassungsf%C3%A4higkeit/dp/B096ZXB96T,"Ihr Name kommt vom Lateinischen gladius und bedeutet ""Schwert"". Er leitet sich von der Form der Blätter ab. Gladiolen wurden zudem im antiken Rom an siegreiche Gladiatoren verschenkt. Sieg, Stolz, Ehre und Eroberung gehören zu den Bedeutungen dieser Blume. Gladiolen wurden damals verschenkt, um sich mit einer Person zu verabreden. Sie wird oft auch zur Geburt, zur Heirat oder als Glückwunsch verschenkt.",https://www.manomano.de/beratung/blumensprache-20-blumen-und-ihre-bedeutung-9232,Sieg,Stolz,Ehre,Eroberung,Verabredung,Geburt,Heirat,Glückwunsch
56,Gladiole,Gladiolus,orange,56_Gladiolus.png,https://florio-garten.de/product-ger-6273-Grossblumige-Gladiole-Orange-5-st.html,"Ihr Name kommt vom Lateinischen gladius und bedeutet ""Schwert"". Er leitet sich von der Form der Blätter ab. Gladiolen wurden zudem im antiken Rom an siegreiche Gladiatoren verschenkt. Sieg, Stolz, Ehre und Eroberung gehören zu den Bedeutungen dieser Blume. Gladiolen wurden damals verschenkt, um sich mit einer Person zu verabreden. Sie wird oft auch zur Geburt, zur Heirat oder als Glückwunsch verschenkt.",https://www.manomano.de/beratung/blumensprache-20-blumen-und-ihre-bedeutung-9232,Sieg,Stolz,Ehre,Eroberung,Verabredung,Geburt,Heirat,Glückwunsch
57,Hibiskus,Hibiscus,white,57_Hibiscus.png,https://www.amazon.de/Hibiskus-Rosen-Eibisch-Hibiscus-syriacus-Containerware/dp/B075DFWYV1,"Der Hibiskus ist die Nationalblume Hawaiis und Malaysias. Er steht für Liebe, auch wenn diese nur kurze Zeit anhält... was zur kurzen Blütezeit dieser Blume passt. In Polynesien tragen Frauen eine Hibiskusblüte am rechten Ohr, wenn sie offen für eine Beziehung sind. Eine Hibiskusblüte am linken Ohr bedeutet, dass sie schon vergeben sind. Der Hibiskus wird auch als ""Chinesische Rose"" oder ""Eibisch"" bezeichnet. Er ist ein Blütenstrauch, der bis zu 5 Meter hoch werden kann. Er bildet große, kelchartige Blumen mit fünf Blütenblättern, die weiß, rosa, rot oder gelb sein können. Sie steht für Liebe, Beziehung und Verabredung.",https://www.manomano.de/beratung/blumensprache-20-blumen-und-ihre-bedeutung-9232,Liebe,Beziehung,Verabredung,,,,,
58,Hibiskus,Hibiscus,pink,58_Hibiscus.png,https://www.pflanzen-koelle.de/hibiskus-hibisqs-juno-pink-dunkelpink-topf-oe-13-cm-2er-set-0213100310/,"Der Hibiskus ist die Nationalblume Hawaiis und Malaysias. Er steht für Liebe, auch wenn diese nur kurze Zeit anhält... was zur kurzen Blütezeit dieser Blume passt. In Polynesien tragen Frauen eine Hibiskusblüte am rechten Ohr, wenn sie offen für eine Beziehung sind. Eine Hibiskusblüte am linken Ohr bedeutet, dass sie schon vergeben sind. Der Hibiskus wird auch als ""Chinesische Rose"" oder ""Eibisch"" bezeichnet. Er ist ein Blütenstrauch, der bis zu 5 Meter hoch werden kann. Er bildet große, kelchartige Blumen mit fünf Blütenblättern, die weiß, rosa, rot oder gelb sein können. Sie steht für Liebe, Beziehung und Verabredung.",https://www.manomano.de/beratung/blumensprache-20-blumen-und-ihre-bedeutung-9232,Liebe,Beziehung,Verabredung,,,,,
59,Hibiskus,Hibiscus,red,59_Hibiscus.png,https://www.obi.de/magazin/garten/pflanzen/straeucher/hibiskus,"Der Hibiskus ist die Nationalblume Hawaiis und Malaysias. Er steht für Liebe, auch wenn diese nur kurze Zeit anhält... was zur kurzen Blütezeit dieser Blume passt. In Polynesien tragen Frauen eine Hibiskusblüte am rechten Ohr, wenn sie offen für eine Beziehung sind. Eine Hibiskusblüte am linken Ohr bedeutet, dass sie schon vergeben sind. Der Hibiskus wird auch als ""Chinesische Rose"" oder ""Eibisch"" bezeichnet. Er ist ein Blütenstrauch, der bis zu 5 Meter hoch werden kann. Er bildet große, kelchartige Blumen mit fünf Blütenblättern, die weiß, rosa, rot oder gelb sein können. Sie steht für Liebe, Beziehung und Verabredung.",https://www.manomano.de/beratung/blumensprache-20-blumen-und-ihre-bedeutung-9232,Liebe,Beziehung,Verabredung,,,,,
60,Hibiskus,Hibiscus,yellow,60_Hibiscus.png,https://www.poetschke.de/kuebelpflanzen/Orangegelber-Hibiskus-Stamm.html,"Der Hibiskus ist die Nationalblume Hawaiis und Malaysias. Er steht für Liebe, auch wenn diese nur kurze Zeit anhält... was zur kurzen Blütezeit dieser Blume passt. In Polynesien tragen Frauen eine Hibiskusblüte am rechten Ohr, wenn sie offen für eine Beziehung sind. Eine Hibiskusblüte am linken Ohr bedeutet, dass sie schon vergeben sind. Der Hibiskus wird auch als ""Chinesische Rose"" oder ""Eibisch"" bezeichnet. Er ist ein Blütenstrauch, der bis zu 5 Meter hoch werden kann. Er bildet große, kelchartige Blumen mit fünf Blütenblättern, die weiß, rosa, rot oder gelb sein können. Sie steht für Liebe, Beziehung und Verabredung.",https://www.manomano.de/beratung/blumensprache-20-blumen-und-ihre-bedeutung-9232,Liebe,Beziehung,Verabredung,,,,,
61,Hyazinthe,Hyacinthus,blue,61_Hyacinthus.png,https://www.manomano.de/beratung/blumensprache-20-blumen-und-ihre-bedeutung-9232,"Der Name geht auf Hyakinthos zurück, einen ungewöhnlich schönen jungen Mann der griechischen Sage und Geliebter der Götter Apollon und Zephyr. In der griechischen Mythologie verursacht Zephyr aus Eifersucht den Tod des Hyakinthos. Aus dessen Blut lässt der trauernde Apollon eine Blume wachsen, die bis heute dessen Namen trägt. Hyazinthen blühen zu Beginn des Frühlings und stehen für Hoffnung, Erneuerung und Wohlstand. Blaue Hyazinthen stehen zudem für die Hoffnung auf erwiderte Liebe.",https://www.manomano.de/beratung/blumensprache-20-blumen-und-ihre-bedeutung-9232,Liebe,Hoffnung,Erneuerung,Wohlstand,,,,
62,Hyazinthe,Hyacinthus,white,62_Hyacinthus.png,https://www.blumen-eber.de/artikel/574/hyazinthe-white-pearl-weiss-1-zwiebel-im-topf,"Der Name geht auf Hyakinthos zurück, einen ungewöhnlich schönen jungen Mann der griechischen Sage und Geliebter der Götter Apollon und Zephyr. In der griechischen Mythologie verursacht Zephyr aus Eifersucht den Tod des Hyakinthos. Aus dessen Blut lässt der trauernde Apollon eine Blume wachsen, die bis heute dessen Namen trägt. Hyazinthen blühen zu Beginn des Frühlings und stehen für Hoffnung, Erneuerung und Wohlstand.",https://www.manomano.de/beratung/blumensprache-20-blumen-und-ihre-bedeutung-9232,Hoffnung,Erneuerung,Wohlstand,,,,,
63,Hyazinthe,Hyacinthus,pink,63_Hyacinthus.png,https://www.mauk-gartenwelt.de/hyacinthus-orientalis-pink-surprise-hyazinthe-pink-surprise,"Der Name geht auf Hyakinthos zurück, einen ungewöhnlich schönen jungen Mann der griechischen Sage und Geliebter der Götter Apollon und Zephyr. In der griechischen Mythologie verursacht Zephyr aus Eifersucht den Tod des Hyakinthos. Aus dessen Blut lässt der trauernde Apollon eine Blume wachsen, die bis heute dessen Namen trägt. Hyazinthen blühen zu Beginn des Frühlings und stehen für Hoffnung, Erneuerung und Wohlstand. Rosa Hyazinthen stehen zudem für Zuneigung.",https://www.manomano.de/beratung/blumensprache-20-blumen-und-ihre-bedeutung-9232,Hoffnung,Erneuerung,Wohlstand,Zuneigung,,,,
64,Hyazinthe,Hyacinthus,red,64_Hyacinthus.png,https://www.meingartenshop.de/hyazinthe-jan-bos-a08224.html,"Der Name geht auf Hyakinthos zurück, einen ungewöhnlich schönen jungen Mann der griechischen Sage und Geliebter der Götter Apollon und Zephyr. In der griechischen Mythologie verursacht Zephyr aus Eifersucht den Tod des Hyakinthos. Aus dessen Blut lässt der trauernde Apollon eine Blume wachsen, die bis heute dessen Namen trägt. Hyazinthen blühen zu Beginn des Frühlings und stehen für Hoffnung, Erneuerung und Wohlstand.",https://www.manomano.de/beratung/blumensprache-20-blumen-und-ihre-bedeutung-9232,Hoffnung,Erneuerung,Wohlstand,,,,,
65,Jasmin,Jasminum,white,65_Jasminum.png,https://www.manomano.de/beratung/blumensprache-20-blumen-und-ihre-bedeutung-9232,"Jasmin kommt aus den tropischen Gebieten Asiens. Der Name dieser Blume lässt sich auf das persische Wort Yasmin zurückführen, das ""Geschenk Gottes"" bedeutet. Jasmin ist die Nationalblume Pakistans. In vielen Ländern des tropischen Asiens ist Jasmin Teil von Hochzeitszeremonien. Teile der Pflanze werden in Kosmetika verwendet. Jasmin besitzt einen betörenden Duft, der zum Träumen anregt, und gilt als die Blume der Verliebten. Jasmin verkörpert Liebe, Sinnlichkeit und Schönheit und lädt zum Träumen ein.",https://www.manomano.de/beratung/blumensprache-20-blumen-und-ihre-bedeutung-9232,Verliebtheit,Liebe,Sinnlichkeit,Schönheit,Träumen,,,
66,Lavendel,Lavandula,purple,66_Lavandula.png,https://images.ctfassets.net/j4m9q0fykyy4/2ZpfqRVbu3lvlK3mo9ZZ5B/a911faa3383caf29452f186019f24f16/2019-11-Lavande.jpg?fm=webp&q=80&w=768,"Lavendel steht für Ruhe und Ausgeglichenheit, aber auch für Eleganz und Weiblichkeit. Das Wort Lavendel entstammt vom lateinischen lavare, was ""waschen"" bedeutet, weshalb diese Pflanze früher auch als ""Waschkraut"" bezeichnet wurde. Diese Pflanze blüht von Juni bis August.",https://www.manomano.de/beratung/blumensprache-20-blumen-und-ihre-bedeutung-9232,Ruhe,Ausgeglichenheit,Eleganz,Weiblichkeit,,,,
67,Flieder,Syringa,purple,67_Syringa.png,https://images.ctfassets.net/j4m9q0fykyy4/6rMBsduXLDjzvaEsy9IwTP/812365eb13d16e0fe1d949d44a83bc58/2019-11-Lilas-signification.jpg?fm=webp&q=80&w=768,"Flieder wird oft bei Liebe auf den ersten Blick oder einer neuen Beziehung verschenkt. Flieder stammt aus Asien und dem südöstlichen Europa. In China wird er seit mehr als 1000 Jahren angepflanzt. Im 16. Jahrhundert wurde er in Westeuropa eingeführt. Flieder blüht hierzulande in der Regel von Mai bis Juni. Die Blüten halten nur wenige Tage. Fliedersträucher bilden violette, weiße oder rosa Blumen. Sie wird vor allem im Kontext von Liebe, Heirat, Verlobung und Geburtstag verschenkt. ",https://www.manomano.de/beratung/blumensprache-20-blumen-und-ihre-bedeutung-9232,Liebe,Heirat,Geburtstag,,,,,
68,Flieder,Syringa vulgaris Alba,white,68_Syringa_vulgaris_alba.png,https://www.eggert-baumschulen.de/images/product_images/original_images/1253_1_Syringa-vulgaris-Alba-Weisser-Flieder.jpg,"Der weiße Flieder liebt es eher schlicht und präsentiert im Mai/Juni reinweiße Blütenrispen, die bis zu 20 cm groß werden können. Sie verströmen einen angenehmen, fliedertypischen Duft, dem Bienen und andere Insekten nicht widerstehen können. Die sommergrünen Blätter des Laubes stellen einen passenden Kontrast dar, sie sind auf der Oberseite etwas dunkler als auf der unteren Seite und herzförmig. Der Großstrauch wächst aufrecht und dicht verzweigt. Er kann eine Höhe von bis zu 5 m erreichen und wird bis zu 4 m breit. Ein sonniger Standort wird von dem wärmeliebenden Gehölz bevorzugt. An den Boden werden keine besonderen Ansprüche gestellt. Er darf gerne schwer sein, sollte aber Gießwasser gut ablaufen lassen. Weitere positive Eigenschaften des Weißblühenden Flieders sind die sehr gute Winterhärte und eine gute Hitze- und Schnittverträglichkeit. Seine imposante Wuchshöhe macht den Weißen Flieder perfekt für die Einzelstellung, aber auch eine Heckenpflanzung ist problemlos möglich. Der weiße Flieder steht oft für Jugend, Unschuld und Erneuerung.",https://www.eggert-baumschulen.de/de/syringa-vulgaris-alba.html,Jugend,Unschuld,Erneuerung,,,,,
69,Magnolie,Magnolia,white,69_Magnolia.png,https://images.ctfassets.net/j4m9q0fykyy4/2d81fEUR6t91mRAcpM1Vdv/8fd07aa58f034cef66918a36d9014c9e/2019-11-Magnolia-signification.jpg?fm=webp&q=80&w=768,"In China gilt die Blume der Magnolie als Sinnbild für Schönheit und weibliche Sanftmut. Sie steht für Wertschätzung und Treue. Sie wird bei den Anlässen von Trauer, aber auch Heirat und Jahrestag verschenkt. Die duftenden Blüten sind stern- oder tulpenförmig. Sie bestehen aus großen weißen, rosafarbenen, gelben oder violetten Blütenblättern. Magnolien stammen aus Nordamerika und Zentralasien. Diese primitiven Bäume bevölkern unsere Erde schon seit 100 Millionen Jahren. Sie blühen von April bis September. ",https://www.manomano.de/beratung/blumensprache-20-blumen-und-ihre-bedeutung-9232,Treue,Wertschätzung,Trauer,,,,,
70,Magnolie,Magnolia liliiflora,pink,70_Magnolia_liliiflora.png,https://upload.wikimedia.org/wikipedia/commons/7/76/Magnolia_liliiflora3.jpg,"In China gilt die Blume der Magnolie als Sinnbild für Schönheit und weibliche Sanftmut. Pinke Magnolien stehen oft für Würde, Schönheit und Beständigkeit. Sie wird bei den Anlässen von Trauer, aber auch Heirat und Jahrestag verschenkt. Die duftenden Blüten sind stern- oder tulpenförmig. Sie bestehen aus großen weißen, rosafarbenen, gelben oder violetten Blütenblättern. Magnolien stammen aus Nordamerika und Zentralasien. Diese primitiven Bäume bevölkern unsere Erde schon seit 100 Millionen Jahren. Sie blühen von April bis September. Sie steht außerdem für Würde und Beständigkeit.",https://www.manomano.de/beratung/blumensprache-20-blumen-und-ihre-bedeutung-9232,Würde,Schönheit,Beständigkeit,,,,,
71,Ringelblume,Calendula officinalis,yellow,71_Calendula_officinalis.png,https://images.ctfassets.net/j4m9q0fykyy4/4McyJaIAIL0sG1VlPPNX2h/e75c126e0c2a803443918d1fa86183f1/2020-02-Calendula-officinalis--scaled.jpg,"Die Ringelblume, auch Garten-Ringelblume, ist eine Pflanzenart aus der Familie der Korbblütler. Pflanzenteile werden in der Heilkunde verwendet. Trotz ihrer warmen und fröhlichen Farbe gilt die Ringelblume seit jeher als Symbol des Kummer, Trauer und Leiden beim Verlust eines geliebten Menschen und wird deshalb als Geschenk als ein Zeichen von Beileid verschenkt. Sie besitzt strahlenförmig um einen Korb angeordnete Blütenblätter in den Farben Gelb und Orange. So ähnelt die Ringelblume einer Miniatursonne. Sie blüht von Mai bis Oktober. Die Ringelblume ist eine heimische Pflanze, die schon seit der Antike für ihre Heilkraft bekannt ist. Sie steht symbolisch für Trauer und Kummer und wird oft im Kontext von Beileid Bekundung verschenkt.",https://www.manomano.de/beratung/blumensprache-20-blumen-und-ihre-bedeutung-9232,Trauer,Beileid,Kummer,,,,,
72,Zypresse,Cupressus,green,72_Cupressus.png,https://de.wikipedia.org/wiki/Datei:Med_Cypress.jpg,"Die Echte Zypresse (Cupressus sempervirens) ist für viele Leute der Inbegriff von Urlaub: Vor allem in der Toskana, aber auch in einigen anderen mediterranen Landstrichen werden zahlreiche Straßen von alten Zypressen-Alleen gesäumt. Die schlanken, hohen Nadelbäume sind schon aus der Distanz eindeutig zu erkennen. Das ursprüngliche Verbreitungsgebiet der Echten Zypresse erstreckte sich von Griechenland und dem östlichen Mittelmeerraum über Kleinasien bis in den Iran. In Italien war die Echte Zypresse ursprünglich nicht heimisch, wurde jedoch schon in der Antike eingeführt. Die Römer brachten den Baum mit der Ausdehnung ihres Römischen Reichs auch nach Südfrankreich und Spanien. Der Name Zypresse wird hierzulande oft als Synonym für die Scheinzypressen (Chamacyparis) verwendet. Sie sind zwar wie auch die Lebensbäume (Thuja) mit der Echten Zypresse verwandt, es handelt sich aber um verschiedene Gattungen. Zudem sind Scheinzypressen im Gegensatz zur Echten Zypresse in Europa nicht heimisch. Die Arten stammen überwiegend aus Nordamerika, einige auch aus Ostasien. Zypressen werden oft mit Trauer und Ewigkeit assoziiert, besonders in mediterranen Kulturen.",https://www.mein-schoener-garten.de/pflanzen/zypressen/echte-zypresse-mittelmeer-zypresse#,Trauer,Ewigkeit,,,,,,
73,Begonien,Begonia,pink,73_Begonia.png,https://de.wikipedia.org/wiki/Datei:Begonia_x_tuberhybrida_1005Pink2.JPG,"Begonien, auch Schiefblatt genannt, sind eine Pflanzengattung in der Familie der Schiefblattgewächse. Zur Gattung Begonia gehören mehr als 1800 Arten. Damit gehört sie zu den artenreichsten Pflanzengattungen. Begonien stehen oft für Dankbarkeit und freundlcihe Rücksichtnahme.",https://de.wikipedia.org/wiki/Begonien,Dankbarkeit,Rücksichtnahme,,,,,,
74,Wucherblume,Tanacetum,white,74_Tanacetum.png,https://de.wikipedia.org/wiki/Datei:Tanacetum_parthenium3.jpg,Die Wucherblumen sind eine Pflanzengattung innerhalb der Familie der Korbblütler. Die 150 bis 160 Arten gedeihen in den gemäßigten Gebieten der Nordhalbkugel. Als mehrjährige Pflanze steht die Wucherblume für Beständigkeit und Ausdauer. Die weiße Farbe der Blüten steht oft für Unschuld und Reinheit.,https://de.wikipedia.org/wiki/Wucherblumen,Beständigkeit,Unschuld,Ausdauer,,,,,
75,Windengewächse,Convolvulaceae,white,75_Convolvulaceae.png,https://de.wikipedia.org/wiki/Datei:Ackerwinden.jpg,"Die Windengewächse sind eine Pflanzenfamilie in der Ordnung der Nachtschattenartigen. Typisch für die Vertreter dieser Familie sind die Blüten mit fünf trichterförmig verwachsenen Kronblättern und die meist windende Wuchsform. Die 55 bis 60 Gattungen mit etwa 1600 bis 1700 Arten kommen weltweit vor allem in Tropen vor, sind aber auch bis in die gemäßigten Gebiete zu finden. Die wirtschaftlich bedeutendste Art der Familie ist die Süßkartoffel, die als Nahrungsmittel kultiviert wird. Einige Arten werden als Zierpflanzen gezogen. In Windengewächsen wurden bisher als einziger Familie der höheren Pflanzen Mutterkornalkaloide nachgewiesen. Die Tendenz vieler Arten, sich schnell auszubreiten und schwer auszurotten zu sein, steht für Hartnäckigkeit und Beharrlichkeit. Die oft einfachen, aber dennoch schönen Blüten symbolisieren die Schönheit in der Einfachheit.",https://de.wikipedia.org/wiki/Windengewaechse,Hartnäckigkeit,Beständigkeit,Schönheit,,,,,
76,Weißdorne,Crataegus,white,76_Crataegus.png,https://www.mein-schoener-garten.de/sites/default/files/styles/teaser_15_9_full_mega/public/weissdorn-bluete-crataegus-2387336-blp-msg.jpg?h=c789a33c&itok=l13iGkt2,"""Wenn der Weißdorn blüht im Hag, so wird es Frühling auf einen Schlag“, lautet eine alte Bauernregel. Hagdorn, Hanweide, Haynerholz oder Mehlbeerbaum, wie Weißdorn im Volksmund bezeichnet wird, läutet meist über Nacht den Vollfrühling ein. Die weißen Blütenwolken der sparrigen Sträucher leuchten jetzt vor dem noch kahlen, dunklen Wald, aus den Feldhecken und am Straßenrand. Der botanische Name der Weißdorne (Crataegus) leitet sich vom griechischen Wort ""krataigos"" ab und bedeutet ""stark"" oder ""fest"". Er bezieht sich auf das zähe, sehr harte Holz der verschiedenen Arten, aus dem traditionell Messergriffe, aber auch Bogen gefertigt werden. Es gibt in Europa und Asien rund 90 verschiedene Weißdorne, in Nordamerika sogar bis zu 1000. Die zu den Rosengewächsen (Rosaceae) gehörenden sommergrünen Gehölze sind für Botaniker jedoch ein schwieriger Fall, denn viele Arten lassen sich nicht eindeutig voneinander abgrenzen. Aufgrund seiner Dornen und dichten Wuchsform steht Weißdorn für Schutz und Abwehr. Die Robustheit und Langlebigkeit des Weißdorns stehen für Beständigkeit und Ausdauer.",https://www.mein-schoener-garten.de/pflanzen/weissdorn,Beständigkeit,Ausdauer,Schutz,,,,,
77,Weinrebe,Vitis vinifera,green,77_Vitis_vinifera.png,https://www.poetschke.de/out/pictures/ddmedia/generated/1130__3-1/grapes-4483407_1920.jpg,"Ob Weintrauben oder Tafeltrauben: Es gibt kaum eine Frucht, um deren Saft sich mehr Sagen, Mythen, Legenden, Lieder, Gedichte und Geschichten ranken. Der Anbau von Weinreben zur Herstellung von Wein ist im Mittelmeerraum schon seit der Antike ein bedeutender Wirtschaftszweig. Die Römer brachten die wärmeliebenden Weinreben als Kulturpflanze mit in die eroberten Provinzen nördlich der Alpen und bauten beispielsweise im Moseltal bei Trier Wein an. Im Mittelalter waren es vor allem die Mönche, die den Weinbau in verschiedenen klimamilden Regionen vorantrieben und perfektionierten. Die bedeutendsten Weinbauregionen Deutschlands liegen jedoch immer noch in dem Gebiet, das ehemals von den Römern kontrolliert wurde. Die Weinrebe, die reichlich Trauben trägt, steht für Fruchtbarkeit, Fülle und Überfluss. Aufgrund ihres jährlichen Wachstumszyklus symbolisiert die Weinrebe Erneuerung, Wachstum und den Kreislauf des Lebens.",https://www.mein-schoener-garten.de/pflanzen/obst/weinreben-weintrauben,Überfluss,Wachstum,Erneuerung,Fruchtbarkeit,,,,
78,Silber-Weide,Salix alba,white,78_Salix_alba.png,https://www.mein-schoener-garten.de/sites/default/files/styles/teaser_15_9_full_mega/public/silberweide-salix-alba-664591064-istock.jpg?h=c3bf4dd4&itok=IOMnwgF3,"Die Silberweide auch Silber-Weide geschrieben, gehört zu den Weidengewächsen. Sie ist in ganz Europa, Vorderasien und Nordafrika heimisch und wurde zum Baum des Jahres 1999 gekürt. Die Silberweide kann im Frühjahr oder im Herbst gepflanzt werden. Stecklinge sollten besser im Frühjahr gesetzt werden. Heben Sie ein Pflanzloch aus, das etwa dreimal so breit wie der Wurzelballen ist. Eine Drainage aus Sand oder Kies hilft bei schweren Böden gegen Staunässe. Geben Sie der Pflanzerde etwas Kompost als Startdünger bei. Achtung: Die Silberweide ist ein Flachwurzler und stößt auf der Suche nach Wasser mehrere Meter in alle Richtungen vor. Vermeiden Sie es daher, eine Silberweide zu nah am Haus oder an befestigten Flächen zu pflanzen (Abstand mindestens fünf Meter). Im naturnahen Garten sollte eine Weide nicht fehlen. Die frühe Blüte ist ein willkommener Nektarspender für allerlei Insekten. Bei sehr viel Platz kann aus Weidenstecklingen auch eine Weidenhecke gepflanzt werden, bei der die biegsamen Jungruten ineinander verflochten werden. Als malerische Begrünung für einen größeren Teich bietet sich besonders die Trauerweide (Salix alba ‘Tristis‘) an. Die Weidenrinde enthält das medizinisch wirksame Glucosid Salicin, welches Bestandteil der bekannten Acetylsalicylsäure (Aspirin) ist. Als Heilpflanze wird die Weide daher gegen Schmerzen, Fieber und Gicht verwendet. Und auch in der Kosmetik werden Silberweiden-Extrakte zur Haarpflege eingesetzt. Durch ihre schnelle Vermehrung und das Wachstum in feuchten Gebieten symbolisiert sie Fruchtbarkeit und Überfluss. Die dichte Krone und die Fähigkeit, das Ufer zu stabilisieren, symbolisieren Schutz und Sicherheit.",https://www.mein-schoener-garten.de/pflanzen/weide/silberweide,Fruchtbarkeit,Überfluss,Schutz,Sicherheit,,,,
79,Trauerweide,"Salix alba ""Tristis""",green,79_Salix_alba.png,https://upload.wikimedia.org/wikipedia/commons/thumb/f/fe/Trauerweide_Salix_x_sepulcralis.jpg/800px-Trauerweide_Salix_x_sepulcralis.jpg,"Die Trauerweide (Salix alba ‘Tristis’), auch Hängeweide genannt, ist eine Sorte der Silberweide (Salix alba). Insgesamt gibt es etwa 500 Weidenarten, von denen etwa 30 bei uns natürlich vorkommen. Die Silberweide selbst ist in ganz Europa heimisch. Die Trauerweide mit ihrer charakteristischen, ausladenden Krone sowie den dekorativen, herabhängenden Ästen wurde 1815 in Frankreich gezüchtet. Der Baum genoss insbesondere im Zeitalter der Romantik ein hohes Ansehen, da Dichter und Maler menschliche Empfindungen wie Trauer und Melancholie in den Baum hineininterpretierten. Wie alle Weidenarten gehört auch die Trauerweide der Familie der Weidengewächse (Salicaceae) an. Die biegsamen Zweige der Trauerweide stehen für Flexibilität und Anpassungsfähigkeit.",https://www.mein-schoener-garten.de/pflanzen/weide/trauerweide-haengeweide,Trauer,Melancholie,Flexibilität,Anpassungsfähigkeit,,,,
80,Netz-Weide,Salix reticulata,red,80_Satix_reticulata.png,https://upload.wikimedia.org/wikipedia/commons/thumb/3/37/Salix_reticulata_a1.jpg/1024px-Salix_reticulata_a1.jpg,"Das natürliche Verbreitungsgebiet der Netz-Weide erstreckt sich über Nordeuropa, europäische Hochgebirge, nördliches und arktisches Asien sowie Nordamerika. Die Netz-Weide kommt vor allem in Höhenlagen zwischen 1300 und 3150 Metern in den Alpen vor. Weiden allgemein stehen symbolisch für Anpassungsfähigkeit und Flexibilität.",https://de.wikipedia.org/wiki/Netz-Weide,Anpassungsfähigkeit,Flexibilität,,,,,,
81,Immergrün,Vinca,purple,81_Vinca.png,https://upload.wikimedia.org/wikipedia/commons/a/a7/2_blaue_Blüten_Immergrün.JPG,"Immergrün (Vinca) ist eine Pflanzengattung in der Familie der Hundsgiftgewächse (Apocynaceae). Sie ist eine der beiden auch in Mitteleuropa vorkommenden Gattungen der vor allem in den Tropen verbreiteten Familie Apocynaceae. Immergrün ist ein Symbol für Beständigkeit und Ausdauer, da es das ganze Jahr über grün bleibt und im Winter sogar rote Beeren trägt. Diese Eigenschaften machen es zu einem Symbol für Standhaftigkeit und Unvergänglichkeit. In einigen Kulturen wird Immergrün als Schutzsymbol angesehen. Es wird geglaubt, dass es Glück und Segen bringt und möglicherweise böse Geister abwehrt.",https://de.wikipedia.org/wiki/Immergrün,Erinnerung,Beständigkeit,Schutz,,,,,
82,Riesen-Lauch,Allium giganteum,purple,82_Allium_giganteum.png,"https://res.cloudinary.com/blume2000/image/upload/c_fill,dpr_1,f_auto,fl_progressive:steep,q_auto:eco,g_auto,w_800,h_400/v1652866722/cms/Buehnebanner_1440x450_allium","Der Riesen-Lauch (Allium giganteum) ist eine Lauch-Art (Allium) und gehört zur Unterfamilie der Lauchgewächse (Allioideae) innerhalb der Familie der Amaryllisgewächse (Amaryllidaceae). Sie stammt aus Vorderasien und Zentralasien: nördliches und westliches Afghanistan, nordöstlicher Iran, südliches Tadschikistan, Turkmenistan und Usbekistan. Als Zierpflanze wird sie in Parks und Gärten sowie als Schnittblume verwendet. Allium Giganteum gehört mit zur Familie der Amaryllisgewächse und ist dank seiner prächtigen großen Blütenbälle ein bezaubernder Blickfang. Die vielen kleinen sternförmigen Blüten machen ihn zu einer einzigartigen Erscheinung. Ob im Garten, als Schnittblume im Blumenstrauß oder alleine in einer hohen Vase - der elegante Allium ist immer ein Highlight. Besonders die Sorte Globemaster erfreut sich bei uns immer größerer Beliebtheit. Allium zählt mit zur Gruppe des Zierlauches und damit neben Schnittlauch, Knoblauch oder Bärlauch zur übergeordneten Gruppe der Lauch-Arten. Die meisten Zierarten sind auch zum Verzehr geeignet. Insgesamt gibt es ca. 800 verschiedene Allium-Arten in den verschiedensten Farben - Violett, Weiß und Blau. Doch er überzeugt nicht nur dank seines Aussehens, auch in der Pflege ist er relativ anspruchslos. Die Hauptblütezeit der meisten Alliumarten ist von Mai bis Juni. Es gibt jedoch auch einige Arten, die bis in den Herbst hinein blühen und so sehr lange Freude bereiten. Aufgrund seiner auffälligen und majestätischen Erscheinung wird der Riesen-Lauch oft mit Bewunderung und Respekt assoziiert. Die hohen Stängel und die großen, kugelförmigen Blütenstände ziehen sofort Aufmerksamkeit auf sich und symbolisieren daher eine bewundernswerte Präsenz.",https://www.blume2000.de/blumen/sorten/allium,Bewunderung,Respekt,Präsenz,,,,,
83,Küchenzwiebel,Allium cepa,pink,83_Allium_cepa.png,https://www.uni-ulm.de/fileadmin/website_uni_ulm/botgart/allium_cepa_mg_20180630mg_20180630_DSC1635.jpg,"Allium gehört mit zur Familie der Amaryllisgewächse und ist dank seiner prächtigen großen Blütenbälle ein bezaubernder Blickfang. Die vielen kleinen sternförmigen Blüten machen ihn zu einer einzigartigen Erscheinung. Ob im Garten, als Schnittblume im Blumenstrauß oder alleine in einer hohen Vase - der elegante Allium ist ximmer ein Highlight. Besonders die Sorte Globemaster erfreut sich bei uns immer größerer Beliebtheit. Allium zählt mit zur Gruppe des Zierlauches und damit neben Schnittlauch, Knoblauch oder Bärlauch zur übergeordneten Gruppe der Lauch-Arten. Die meisten Zierarten sind auch zum Verzehr geeignet. Insgesamt gibt es ca. 800 verschiedene Allium-Arten in den verschiedensten Farben - Violett, Weiß und Blau. Zwiebeln sind bekannt dafür, Tränen hervorzurufen, wenn sie geschnitten werden. In diesem Zusammenhang symbolisieren sie oft Tränen, Trauer oder emotionale Reaktionen. Sie können auch für die Katharsis stehen, das heilsame Freisetzen von Emotionen durch Weinen.",https://de.wikipedia.org/wiki/Zwiebel,Trauer,,,,,,,
84,Belladonnalilie,Amaryllis belladonna,pink,84_Amaryllis_belladonna.png,https://upload.wikimedia.org/wikipedia/commons/thumb/7/70/Amaryllis_belladonna_sfbg_2.jpg/300px-Amaryllis_belladonna_sfbg_2.jpg,"Die Belladonnalilie (Amaryllis belladonna), auch Echte Amaryllis genannt, ist eine Pflanzenart aus der Familie der Amaryllisgewächse (Amaryllidaceae). Das Artepitheton belladonna bedeutet ‚schöne Frau‘. Umgangssprachlich und auch im Pflanzenhandel werden noch weitere Arten der Amaryllisgewächse als Amaryllis bezeichnet, insbesondere die aus Südamerika stammenden Arten der Rittersterne (Hippeastrum). Diese werden um die Weihnachtszeit überwiegend als Triebzwiebeln verkauft. Die Belladonnalilie ist eine beliebte und weitverbreitete Zimmerpflanze. Sie stammt aus Südafrika und wurde im 18. Jahrhundert aus der südwestlichen Kapprovinz eingeführt. Der Name ""Belladonna"" bedeutet auf Italienisch ""schöne Frau"". Dies reflektiert die elegante Erscheinung der Pflanze mit ihren großen, anmutigen Blüten. Sie steht daher symbolisch für Schönheit, Anmut und feminine Eleganz. Die Blüten der Belladonnalilie sind wunderschön, aber auch vergänglich, da sie nur für eine kurze Zeit blühen. Dies kann als Metapher für die Vergänglichkeit des Lebens und die Schönheit des Augenblicks dienen.",https://de.wikipedia.org/wiki/Belladonnalilie,Schönheit,Eleganz,Vergänglichkeit,,,,,
85,Amaryllis,Amaryllis,red,85_Amaryllis.png,"https://res.cloudinary.com/blume2000/image/upload/c_fill,dpr_1,f_auto,fl_progressive:steep,q_auto:eco,g_auto,w_800,h_400/v1652790367/cms/20003042_Amaryllis_in_Pink_2.png","Wenn du eine Amaryllis kaufen möchtest, solltest du die Geschichte hinter dem Namen kennen, damit du in der Blumensprache nicht missverstanden wirst. Der Name „Amaryllis“ stammt nämlich aus der griechischen Mythologie. Er leitet sich ab von dem altgriechischen Wort „amaryssein“ und bedeutet „funkeln“. Das tat auch das Hirtenmädchen mit dem Namen Amaryllis, doch trotz ihrer Schönheit konnte sie das Herz des starken und schönen Hirten Alteo nicht für sich gewinnen. Denn Alteo liebte nur Blumen. Wie so oft in der griechischen Mythologie fand auch dieses Mädchen einen dramatischen Weg, um ihr Ziel zu erreichen: 30 Tage lang kam sie, in Weiß gekleidet, an die Tür des Hirtenjungen und stach sich in ihr Herz. Wo ihre Blutstropfen auf den Boden fielen, wuchs eine wunderschöne, rote Blume – die schließlich doch noch die Liebe Alteos weckte. Was du also wissen solltest, wenn du eine Amaryllis kaufen möchtest: Die kraftvolle Blume steht für Stärke, Stolz, Anmut und Schönheit.",https://www.blume2000.de/blumen/sorten/amaryllis,Stärke,Stolz,Anmut,,,,,
86,Astrantia,Astrantia major,pink,86_Astrantia_major.png,"https://res.cloudinary.com/blume2000/image/upload/c_fill,dpr_2,f_auto,fl_progressive:steep,q_auto:eco,g_auto,w_800,h_400/v1653309653/cms/640x640_mobil_astrantia","Astrantia major ist den meisten wohl besser als Große Sterndolde bekannt. Sie gehört zur Familie der Doldenblütler und erfreut sich immer größerer Beliebtheit. Ihr Name leitet sich von der Form der Blüte ab: „astér“ steht im Griechischen für „Stern“ und „anthos“ für Blüte. Die Astrantia ist sehr anpassungsfähig und daher sowohl in Naturgärten, als auch in typischen Staudenbeeten sehr häufig zu finden. Sie ist eine ausdauernde krautige Pflanze mit einer Wuchshöhe von 30 bis 90 cm. Ihre doldenförmige Blütenanordnung verzückt bei näherem Hinsehen sehr. Ebenso überzeugt die große Sterndolde mit ihrem zauberhaften Farbverlauf von schlichtem Weiß bis hin zu kräftigem Rot. Durch ihre außergewöhnliche Form und Natürlichkeit verleiht sie jedem Blumenstrauß einen einzigartigen Charme. Die Blüten der Astrantia major können einen Durchmesser von bis zu 9 cm erreichen. Die Astrantia wird für ihre zarten, sternförmigen Blüten geschätzt, die Eleganz und subtile Schönheit ausstrahlen. Ihre komplizierten und einzigartigen Blütenstrukturen machen sie zu einem Symbol für Anmut und Ästhetik.",https://www.blume2000.de/blumen/sorten/astrantia,Eleganz,Schönheit,,,,,,
87,Drachenwurz,Calla palustris,white,87_Calla_palustris.png,https://upload.wikimedia.org/wikipedia/commons/thumb/2/2b/Calla_palustris.jpg/300px-Calla_palustris.jpg,"Was für eine elegante Anmutung! Die filigrane Calla begeistert mit ihrem zarten, sehr anmutig wirkenden Blütenkopf. Sowohl im Garten oder als Zimmerpflanze ist sie ein echter Hingucker. Die Calla ist ursprünglich in Sumpfgebieten von Südafrika bis Malawi Zuhause. Mittlerweile erfreut sie sich aber auch bei uns immer größerer Beliebtheit, sodass sie hier in den verschiedensten Farben zu bekommen ist. Ihre große Farbvielfalt von Weiß und Rosa bis hin zu Gelb und Schwarz macht die Calla so außergewöhnlich. Sie steht für Reinheit, Sympathie und Schönheit.",https://www.blume2000.de/blumen/sorten/calla,Reinheit,Sympathie,Schönheit,,,,,
88,Brandschopf,Celosia argentea,pink,88_Celosia_argentea.png,https://www.google.com/url?sa=i&url=https%3A%2F%2Fgardify.de%2Fpflanze%2F2456%2FFederbuschCelosie&psig=AOvVaw2kKUz2umVdI0U8-JskliOr&ust=1718646900528000&source=images&cd=vfe&opi=89978449&ved=0CBEQjRxqFwoTCMicquTY4IYDFQAAAAAdAAAAABAE,"Die wohl bekannteste Celosia Art ist die Celosia argentea oder auch Brandschopf. Sie verdankt diesen Namen dem Aussehen ihrer Blüte, welche sehr an eine Flamme erinnert. Die Celosia zählt zur Familie der Fuchsschwanzgewächse und ist mittlerweile nicht mehr nur in den Subtropen beheimatet. In Indien und China wird sie immer häufiger als Heil- und Gemüsepflanze angebaut. Hierzulande sind hauptsächlich die farbigen Varianten der Celosia beliebt. Sie erfreuen uns in Pink, Gelb, Rot und vielen weiteren bunten Farben. Der Brandschopf eignet sich nicht nur wunderbar als Kübel- oder Topfpflanze, auch als Schnittblume macht er mit seinen einzigartigen Blütenköpfen eine gute Figur. Eine weitere bekannte Celosia Art ist der Hahnenkamm. Hiermit ist die Celosia cristata gemeint, welche eine Blüte besitzt, die aussieht wie der Kamm eines Hahns.",https://www.blume2000.de/blumen/sorten/celosia,Leidenschaft,,,,,,,
89,Christrose,Helleborus niger,white,89_Helleborus_niger.png,https://www.stanze-gartencenter.de/Content/files/16812/Helleborus-niger-white-1100x600-proportionalbiggest.webp,"Die großen weißen Blüten der Christrose öffnen sich gerade dann, wenn wir es am wenigsten erwarten, mitten im Winter. Während der dunkelsten Tage des Jahres strahlt sie hell und kämpft sich in freier Natur durch die Schneedecke. Indem wir Christrosen kaufen, holen wir uns eine besonders symbolträchtige Pflanze ins Haus. Gerade im christlichen Glauben ist sie – wie der Name schon sagt – als Geschenk zur Weihnachtszeit kaum zu übertreffen. Die Christrose steht für Hoffnung, Mut, Kraft und Entschlossenheit.",https://www.blume2000.de/blumen/sorten/christrosen,Hoffnung,Mut,Kraft,Entschlossenheit,,,,
90,Trommelstöckchen,Craspedia,yellow,90_Craspedia.png,"https://res.cloudinary.com/blume2000/image/upload/c_fill,dpr_1,f_auto,fl_progressive:steep,q_auto:eco,g_auto,w_800,h_400/v1652795430/cms/640x640_mobil_craspedia","Craspedia ist eine Gattung in der Familie der Korbblütler (Asteraceae). Die Gattung umfasst etwa 25 bis 30 Arten und ist ursprünglich in Australien und Neuseeland heimisch. Je nach Art erreichen die Pflanzen eine Wuchshöhe von etwa 60 cm. Fast alle Arten sind mehrjährig. Charakteristisch sind der schmale, grüne Stiel und der kugelförmige, gelbe Kopf. Die verschiedenen Craspedia-Arten wachsen in einer Vielzahl unterschiedlicher Terrains, unter anderem auf offenen Ebenen, an Küsten, in Waldnähe oder auch in Dünenlandschaften. Sie gehören zu den Kräutern.",https://www.blume2000.de/blumen/sorten/craspedia,Schönheit,,,,,,,
91,Ginster,Genista,yellow,91_Genista.png,"https://res.cloudinary.com/blume2000/image/upload/c_fill,dpr_1,f_auto,fl_progressive:steep,q_auto:eco,g_auto,w_800,h_400/v1652776763/cms/640x640_mobil_ginster","Vor einigen Jahrzehnten war die Bedeutung des Ginsters als Gartenstrauch und als Teil eines Blumenstraußes noch deutlich höher als heute. Allerdings erlebt der Ginster momentan eine Art Renaissance und hält wieder Einzug in die Gärten und Frühlingssträuße. Dass der Ginster so beliebt ist, liegt vor allem an seiner einfachen Pflege, aber auch an der Vielzahl wunderschöner Blüten, mit denen sich der Ginster schmückt. Zwar kennen die meisten den Ginster vor allem in leuchtendem Gelb, dank vieler weiterer Züchtungen gibt es ihn aber auch in anderen verschiedenen Farben, wie z.B. Rosa und Orange. Sie steht für Demut, Menschlichkeit und Zähigkeit.",https://www.blume2000.de/blumen/sorten/ginster,Demut,Menschlichkeit,Zähigkeit,,,,,
92,Ruhmeskrone,Gloriosa superba,red,92_Gloriosa_superba.png,"https://res.cloudinary.com/blume2000/image/upload/c_fill,dpr_1,f_auto,fl_progressive:steep,q_auto:eco,g_auto,w_800,h_400/v1652781263/cms/640x640_mobil_gloriosa","Die Gloriosa wird auch Ruhmeskrone genannt und gehört zur Familie der Zeitlosengewächse. Sie kommt hauptsächlich in den tropischen und subtropischen Regionen vor und wird für kühlere Regionen vor allem als Kübelpflanze und Schnittblume kultiviert. Die Kletterpflanze ist eine ausdauernde krautige Pflanze, die 150 bis 200 cm hoch wachsen kann. Namensgeber sind vor allem ihre ausgefallenen gelb-roten Blüten, welche auch für das besondere, tropische Flair auf dem Balkon oder im Wohnzimmer sorgen. Doch auch als Schnittblume in der Vase macht sich die Ruhmeskrone wunderbar und verzaubert ihren Betrachter. Weitere Namen unter denen die Gloriosa bekannt ist, sind beispielsweise: Tigerklaue, Flammenlilie und Prachtlilie. Sie steht für Ruhm.",https://www.blume2000.de/blumen/sorten/gloriosa,Ruhm,,,,,,,
93,Flammenlilie,Gloriosa modesta,orange,93_Gloriosa_modesta.png,https://order.blumenzwiebel.nl/6060-large_default/gloriosa-modesta-10366.jpg,"Die aufrechte und majestätische Erscheinung der Gloriosa modesta steht für Stolz und Ehre. Sie wird oft mit einem Gefühl von Würde und Selbstachtung in Verbindung gebracht. Die außergewöhnliche und exotische Schönheit der Gloriosa modesta macht sie zu einem Symbol für seltene und besondere Schönheit. Ihre auffälligen, leuchtenden Blüten sind ein Zeichen für das Einzigartige und Außergewöhnliche.",https://order.blumenzwiebel.nl/sonstige-sommerblueher-a-l/10366-gloriosa-modesta-10366.html,Stolz,Ehre,,,,,,
94,Schwertlilie,Iris,purple,94_Iris.png,https://de.wikipedia.org/wiki/Datei:Iris_versicolor_1.jpg,"Die Iris ist auch als Schwertlilie bekannt und gehört zur Familie der Schwertliliengewächse. Es gibt rund 280 Arten, die auf der Nordhalbkugel weit verbreitet sind. Der größte Teil davon ist in Asien beheimatet. Je nach Art erreichen sie ganz unterschiedliche Wuchshöhen: Die im Garten sehr beliebte Bart-Iris wird beispielsweise zwischen 10 und 120 cm hoch. Auch die Blütezeit variiert je nach Art von April bis Juni. Bekannt ist die Iris für ihre eher seltene blaue Farbe. Sie blüht aber auch in Weiß, Gelb, Orange oder Violett. Manche Arten blühen zweifarbig. Sie steht für Treue, Kreativität und Kampf.",https://www.blume2000.de/blumen/sorten/iris,Treue,Kreativität,Kampf,,,,,
95,Winter-Iris,Iris danfordiae,yellow,95_Iris_danfordiae.png,https://de.wikipedia.org/wiki/Datei:20240218_Iris_danfordiae-3.tif,"Die Danford-Schwertlilie (Iris danfordiae), auch als Winter-Iris oder Gelbe Zwerg-Iris im Handel, ist eine Pflanzenart aus der Gattung der Schwertlilien (Iris) innerhalb der Familie der Schwertliliengewächse (Iridaceae). Die Iris ist auch als Schwertlilie bekannt und gehört zur Familie der Schwertliliengewächse. Es gibt rund 280 Arten, die auf der Nordhalbkugel weit verbreitet sind. Der größte Teil davon ist in Asien beheimatet. Je nach Art erreichen sie ganz unterschiedliche Wuchshöhen: Die im Garten sehr beliebte Bart-Iris wird beispielsweise zwischen 10 und 120 cm hoch. Auch die Blütezeit variiert je nach Art von April bis Juni. Bekannt ist die Iris für ihre eher seltene blaue Farbe. Sie blüht aber auch in Weiß, Gelb, Orange oder Violett. Manche Arten blühen zweifarbig. Sie steht für Treue, Kreativität und Kampf.",https://de.wikipedia.org/wiki/Danford-Schwertlilie,Treue,Kreativität,Kampf,,,,,
96,Kalanchoe,Kalanchoe pumila,pink,96_Kalanchoe_pumila.png,"https://res.cloudinary.com/blume2000/image/upload/c_fill,dpr_1,f_auto,fl_progressive:steep,q_auto:eco,g_auto,w_800,h_400/v1660306069/cms/96413_MT_Kalanchoebund_Detail2","Feurige Farben, lange Lebensdauer und kinderleichte Pflege: Diese Punkte machen die Kalanchoe zu einer besonderen Pflanze, die den Platz 5 unter den beliebtesten und meistgekauften Zimmerpflanzen belegt. Die vielen kleinen Blüten ähneln Glöckchen oder Trompeten und blühen in feurigem Rot, sonnigem Gelb oder auch in Pastelltönen von Weiß bis Rosa. Du suchst eine Pflanze, die perfekt für die Fensterbank geeignet ist? Dann solltest du eine Kalanchoe kaufen. Bei guter Pflege kann sie acht Wochen lang blühen – und ist daher auch ein großartiges Geschenk, an dem der Empfänger lange Freude hat. Sie steht für Beharrlichkeit und ewige Liebe.",https://www.blume2000.de/blumen/sorten/kalanchoe,Beharrlichkeit,Liebe,,,,,,
97,Garten-Levkoje,Matthiola incana,purple,97_Matthiola_incana.png,https://de.wikipedia.org/wiki/Datei:Matthiola_incana_RF.jpg,"Die bezaubernde Levkoje, mit ihrem wissenschaftlichen Namen ""Matthiola incana"", ist eine Blume, die in der Welt der Floristik eine unverkennbare Präsenz besitzt. Die zarten Blüten dieser Pflanzensorte zeichnen sich durch eine delikate Eleganz aus und verströmen einen angenehmen Duft, der an laue Sommerabende erinnert. Die Levkoje, die zur Familie der Kreuzblütlergewächse gehört, begeistert mit einer erstaunlichen Bandbreite an Farben und einem leisen, aber unverwechselbaren Charme. Ursprünglich aus den Mittelmeerregionen stammend, hat die Levkoje sich ihren Platz in den Herzen der Blumenliebhaber erobert. Ihre Blütenpracht reicht von reinem Weiß über zartes Rosa bis hin zu kräftigem Violett, wodurch sie sich in jedem Blumenarrangement hervorragend einfügt. Die Levkoje steht symbolisch für Anmut und Beständigkeit, was sie zu einer beliebten Wahl für Hochzeitssträuße und andere festliche Anlässe macht. Ihre Vielseitigkeit und zeitlose Schönheit machen die Levkoje zu einer Blume, die unaufhaltsam die Blicke auf sich zieht und die Blumenwelt mit ihrem sanften Glanz bereichert. Sie steht für Schönheit, Glück und ein langes Leben.",https://www.blume2000.de/blumen/sorten/levkojen,Schönheit,Glück,,,,,,
98,Großes Löwenmaul,Antirrhinum majus,purple,98_Antirrhinum_majus.png,https://de.wikipedia.org/wiki/Datei:ANTIRRHINUM_MAJUS_-_RIALB_-_IB-006_(Conillets).JPG,"Löwenmäulchen sind zwar recht anspruchslos, einige Dinge gibt es aber dennoch zu beachten: Die Pflanzen kommen besser mit Trockenheit als mit Staunässe klar. Du solltest daher auf übermäßiges Wässern verzichten. Beim Thema Düngen solltest du es ebenfalls nicht übertreiben. Es gilt bei Löwenmäulchen also generell das Motto: Weniger ist mehr. Wobei dies wiederum nicht auf die Sonne zutrifft: Löwenmäulchen lieben, genauso wie ihre großen Namensgeber, die Sonne – sofern es nicht zu heiß ist. Sie wachsen aber auch gut im Halbschatten. Hauptsache sie stehen nicht ausschließlich im Schatten und die Erde, in der sie heranwachsen, ist nicht zu feucht. Sie stehen für Arroganz und Hochmut.",https://www.blume2000.de/blumen/sorten/loewenmaeulchen,Arroganz,Hochmut,,,,,,
99,Großes Löwenmaul,Antirrhinum majus,yellow,99_Antirrhinum_majus.png,"https://res.cloudinary.com/blume2000/image/upload/c_fill,dpr_1,f_auto,fl_progressive:steep,q_auto:eco,g_auto,w_800,h_400/v1652803573/cms/640x640_mobil_Loewenmaeulchen","Löwenmäulchen sind zwar recht anspruchslos, einige Dinge gibt es aber dennoch zu beachten: Die Pflanzen kommen besser mit Trockenheit als mit Staunässe klar. Du solltest daher auf übermäßiges Wässern verzichten. Beim Thema Düngen solltest du es ebenfalls nicht übertreiben. Es gilt bei Löwenmäulchen also generell das Motto: Weniger ist mehr. Wobei dies wiederum nicht auf die Sonne zutrifft: Löwenmäulchen lieben, genauso wie ihre großen Namensgeber, die Sonne – sofern es nicht zu heiß ist. Sie wachsen aber auch gut im Halbschatten. Hauptsache sie stehen nicht ausschließlich im Schatten und die Erde, in der sie heranwachsen, ist nicht zu feucht. Sie stehen für Arroganz und Hochmut.",https://www.blume2000.de/blumen/sorten/loewenmaeulchen,Arroganz,Hochmut,,,,,,